,CAS,logBCF,Dataset,SMILES
0,2691-41-0,-0.3,uci,O=[N+]([O-])N1CN([N+](=O)[O-])CN([N+](=O)[O-])CN([N+](=O)[O-])C1
1,541-73-1,2.44,uci,Clc1cc(ccc1)Cl
2,55219-65-3,1.32,uci,OC(C(Oc1ccc(cc1)Cl)n2ncnc2)C(C)(C)C
3,55179-31-2/70585-36-3,2.31,uci,OC(C(Oc1ccc(cc1)c2ccccc2)n3ncnc3)C(C)(C)C
4,5510-99-6,2.47,uci,Oc1c(cccc1C(CC)C)C(CC)C
5,544-76-3,2.68,uci,CCCCCCCCCCCCCCCC
6,544-01-4,2.3,uci,CC(CCOCCC(C)C)C
7,5428-54-6,0.86,uci,O=[N+](c1cc(c(cc1)C)O)[O-]
8,542-18-7,2.35,uci,ClC1CCCCC1
9,54135-82-9,3.09,uci,O(c1cc(c(c(c1)Cl)Cl)Cl)C
10,56558-16-8,4.81,uci,Clc1cc(cc(c1c1c(cccc1Cl)Cl)Cl)Cl
11,54135-81-8,3.07,uci,OCc1cc(cc(c1Cl)Cl)Cl
12,54135-80-7,2.96,uci,O(c1ccc(c(c1Cl)Cl)Cl)C
13,5409-83-6,3.66,uci,Clc1cc2c(oc3c2cc(cc3)Cl)cc1
14,538-75-0,0.09,uci,N(=C=NC1CCCCC1)C1CCCCC1
15,53-70-3,2.8,uci,c1c2c(cc3ccc4c(c13)cccc4)c1ccccc1cc2
16,535-77-3,2.75,uci,CC(c1cc(ccc1)C)C
17,534-52-1,0.25,uci,O=[N+]([O-])c1cc(c(O)c(c1)C)[N+](=O)[O-]
18,55285-14-8,3.0,uci,O=C(Oc2cccc1c2(OC(C)(C)C1))N(C)SN(CCCC)CCCC
19,55290-64-7,0.63,uci,O=S1(=O)(C(=C(C)S(=O)(=O)CC1)C)
20,55335-06-3,-0.1,uci,O=C(O)COc1nc(c(cc1Cl)Cl)Cl
21,55-38-9,2.39,uci,O(c1ccc(c(c1)C)SC)P(OC)(OC)=S
22,56425-91-3,1.54,uci,FC(F)(F)Oc1ccc(cc1)C(O)(c2cncnc2)C(C)C
23,56-38-2,2.05,uci,O=[N+]([O-])c1ccc(OP(OCC)(OCC)=S)cc1
24,56-35-9,3.99,uci,CCCC[Sn](O[Sn](CCCC)(CCCC)CCCC)(CCCC)CCCC
25,56348-72-2,4.43,uci,Clc1cc(ccc1Cl)Oc1ccc(c(c1)Cl)Cl
26,56-23-5,0.95,uci,ClC(Cl)(Cl)Cl
27,56113-42-9,0.49,uci,O=C(c1c(c(c(c(c1Cl)Cl)Cl)Cl)C(=O)O)N
28,5598-13-0,3.26,uci,n1c(OP(OC)(OC)=S)c(cc(c1Cl)Cl)Cl
29,5586-15-2,0.38,uci,c1ccc2cc(ccc2(c1))SSc3ccc4ccccc4(c3)
30,55720-37-1,4.43,uci,c1cc(cc2c1cc(cc2Cl)Cl)Cl
31,556-67-2,4.08,uci,O1[Si](O[Si](O[Si](O[Si]1(C)C)(C)C)(C)C)(C)C
32,5566-34-7,4.3,uci,C2(=C(C3(C1CC(CC1C2(C3(Cl)Cl)Cl)(Cl)Cl)Cl)Cl)Cl
33,55512-33-9,2.06,uci,O=C(Oc1cc(nnc1c2ccccc2)Cl)SCCCCCCCC
34,555-03-3,0.75,uci,O=[N+](c1cc(ccc1)OC)[O-]
35,554-84-7,1.4,uci,O=[N+]([O-])c1cccc(O)c1
36,554-00-7,1.38,uci,Clc1c(ccc(c1)Cl)N
37,52918-63-5,2.83,uci,N#CC(OC(=O)C1C(C=C(Br)Br)C1(C)(C))c3cccc(Oc2ccccc2)c3
38,52888-80-9,2.84,uci,O=C(N(CCC)CCC)SCc1ccccc1
39,527-60-6,0.91,uci,Oc1c(cc(cc1C)C)C
40,510-15-6,2.71,uci,OC(c1ccc(cc1)Cl)(c1ccc(cc1)Cl)C(=O)OCC
41,50876-32-9,3.65,uci,CC1(CC(CC(C1)C)C)C
42,50853-70-8,0.74,uci,CC1=CC2CC1C(C2C(=O)O)C(=O)O
43,50512-35-1,1.57,uci,O=C(OC(C)C)C(C(=O)OC(C)C)=C1SCCS1
44,504-29-0,1.04,uci,Nc1ncccc1
45,504-24-5,0.44,uci,Nc1ccncc1
46,504-03-0,0.45,uci,N1C(C)CCCC1C
47,50375-10-5,2.53,uci,O(c1c(ccc(c1Cl)Cl)Cl)C
48,50-32-8,2.73,uci,c1cc2c3c4c(cc5c(c14)cccc5)ccc3ccc2
49,50-31-7,0.31,uci,Clc1c(ccc(c1C(=O)O)Cl)Cl
50,50-30-6,0.02,uci,O=C(O)c1c(cccc1Cl)Cl
51,50-29-3,3.95,uci,ClC(C(c1ccc(cc1)Cl)c1ccc(cc1)Cl)(Cl)Cl
52,500-28-7,1.55,uci,O=[N+]([O-])c1ccc(OP(OC)(OC)=S)cc1Cl
53,496-10-6,2.91,uci,C1C2C(CC1)CCCC2
54,493-01-6/493-02-7,3.37,uci,C1CCC2CCCCC2(C1)
55,4904-61-4,3.91,uci,C1CC=CCCC=CCCC=C1
56,50925-42-3,0.5,uci,O=S(=O)(O)c7cccc6c7(cc(N=Nc1ccc(cc1C)Nc2nc(nc(n2)NCCO)Nc5ccc(N=Nc4cc3c(cccc3S(=O)(=O)O)c(c4)S(=O)(=O)O)c(c5)C)cc6S(=O)(=O)O)
57,51207-31-9,3.69,uci,Clc1cc2c(oc3c2cc(c(c3)Cl)Cl)cc1Cl
58,527-20-8,2.71,uci,Nc1c(c(c(c(c1Cl)Cl)Cl)Cl)Cl
59,51235-04-2,0.84,uci,O=C1N=C(N(C(=O)N1C2CCCCC2)C)N(C)C
60,52712-05-7,5.93,uci,Clc1ccc(c(c1)c1c(Cl)c(Cl)c(c(c1Cl)Cl)Cl)Cl
61,52712-04-6,5.81,uci,Clc1ccc(c(c1)c1cc(Cl)c(c(c1Cl)Cl)Cl)Cl
62,52-68-6,-0.39,uci,COP(=O)(C(C(Cl)(Cl)Cl)O)OC
63,526-78-3,0.62,uci,O=C(C(C(C(=O)O)Br)Br)O
64,526-73-8,2.31,uci,c1cc(c(c(c1)C)C)C
65,52663-63-5,5.54,uci,c1cc(c(cc1Cl)c2c(c(cc(c2Cl)Cl)Cl)Cl)Cl
66,52322-80-2,3.64,uci,O(c1ccccc1)c2cc(c(cc2Cl)Cl)Cl
67,52315-07-8,2.5,uci,N#CC(OC(=O)C1C(C=C(Cl)Cl)C1(C)(C))c3cccc(Oc2ccccc2)c3
68,51892-26-3,3.97,uci,O(c1ccccc1)c2ccc(cc2Cl)Cl
69,51630-58-1,3.01,uci,N#CC(OC(=O)C(c1ccc(cc1)Cl)C(C)C)c3cccc(Oc2ccccc2)c3
70,51-44-5,0.1,uci,O=C(O)c1ccc(c(c1)Cl)Cl
71,514-10-3,1.97,uci,O=C(O)C2(C)(CCCC3(C)(C1C(C=C(CC1)C(C)C)=CCC23))
72,51-28-5,0.31,uci,Oc1c(cc(cc1)[N+](=O)[O-])[N+](=O)[O-]
73,512-56-1,-0.06,uci,O=P(OC)(OC)OC
74,5124-25-4,1.58,uci,O=[N+](c1c(ccc(c1)S(=O)(=O)Nc1ccccc1)Nc1ccccc1)[O-]
75,56-55-3,2.48,uci,c1c2c(cc3ccc4c(c13)cccc4)cccc2
76,56558-17-9,4.81,uci,Clc1c(cc(cc1)c1c(cc(cc1Cl)Cl)Cl)Cl
77,488-23-3,2.82,uci,Cc1c(ccc(c1C)C)C
78,60-51-5,0.18,uci,S=P(SCC(=O)NC)(OC)OC
79,608-73-1,2.81,uci,C1(C(C(C(C(C1Cl)Cl)Cl)Cl)Cl)Cl
80,60851-34-5,3.98,uci,o2c1c(cc(c(c1Cl)Cl)Cl)c3cc(c(c(c23)Cl)Cl)Cl
81,60782-58-3,2.11,uci,CCCCCC[Si](CCCCCC)(CCCCCC)O
82,60628-17-3,1.55,uci,CCCCCCCCCCCCCOP(Oc1ccccc1)Oc1ccccc1
83,606-28-0,1.01,uci,O=C(c1ccccc1C(=O)OC)c1ccccc1
84,606-20-2,1.34,uci,O=[N+]([O-])c1cccc(c1C)[N+](=O)[O-]
85,60-57-1/72-20-8,3.89,uci,O1C2C1C3CC2C4C3C5(C(=C(C4(C5(Cl)Cl)Cl)Cl)Cl)Cl
86,605-02-7,3.51,uci,c1c(c2c(cc1)cccc2)c1ccccc1
87,56-72-4,2.73,uci,CCOP(=S)(Oc1ccc2c(c1)oc(=O)c(c2C)Cl)OCC
88,603-11-2,0.55,uci,O=C(c1cccc(c1C(=O)O)[N+](=O)[O-])O
89,60-29-7,0.61,uci,CCOCC
90,60207-90-1,2.06,uci,n1cnn(c1)CC2(OCC(O2)CCC)c3ccc(cc3Cl)Cl
91,60168-88-9,2.05,uci,OC(c1cncnc1)(c2ccc(cc2)Cl)c3ccccc3Cl
92,60145-21-3,4.58,uci,Clc1cc(c(cc1)Cl)c1c(cc(cc1Cl)Cl)Cl
93,60123-65-1,4.08,uci,Clc1cc(ccc1Cl)Oc1c(cc(c(c1)Cl)Cl)Cl
94,60123-64-0,4.21,uci,Clc1c(cc(c(c1)Cl)Cl)Oc1ccc(cc1Cl)Cl
95,608-93-5,3.84,uci,Clc1c(c(cc(c1Cl)Cl)Cl)Cl
96,609-89-2,1.35,uci,Oc1c(cc(cc1Cl)Cl)[N+](=O)[O-]
97,610-39-9,0.21,uci,O=[N+](c1ccc(cc1[N+](=O)[O-])C)[O-]
98,611-06-3,2.07,uci,O=[N+]([O-])c1ccc(cc1Cl)Cl
99,61968-52-3,0.73,uci,O=C(OCCN(c1cc(c(cc1)N=Nc1ccc(cc1Cl)[N+](=O)[O-])NC(=O)CC)CCOC(=O)C)C
100,61949-76-6,2.65,uci,O=C(OCc2cccc(Oc1ccccc1)c2)C3C(C=C(Cl)Cl)C3(C)(C)
101,618-62-2,2.23,uci,O=[N+]([O-])c1cc(cc(c1)Cl)Cl
102,61-82-5,0.24,uci,C1=NN=C(N1)N
103,6165-51-1,2.86,uci,c1ccc(cc1)C(c2cc(ccc2C)C)C
104,616-44-4,0.72,uci,Cc1cscc1
105,615-74-7,0.62,uci,Oc1cc(ccc1Cl)C
106,615-54-3,3.52,uci,Brc1cc(ccc1Br)Br
107,61328-46-9,4.24,uci,Clc1cc(ccc1Cl)Oc1c(cc(cc1)Cl)Cl
108,61328-45-8,4.11,uci,Clc1c(cc(c(c1)Cl)Cl)Oc1ccc(cc1)Cl
109,613-12-7,2.41,uci,Cc1cc2c(cc3c(c2)cccc3)cc1
110,6130-75-2,2.8,uci,O(c1cc(c(cc1Cl)Cl)Cl)C
111,612-22-6,1.14,uci,CCc1c(cccc1)[N+](=O)[O-]
112,61213-25-0,2.46,uci,O=C2N(c1cccc(c1)C(F)(F)F)CC(CCl)C2Cl
113,611-21-2,0.9,uci,Cc1ccccc1NC
114,59722-76-8,2.02,uci,O=C1c2ccccc2C(=O)c2c1c(cc(c2N)Oc1ccc(cc1)Br)O
115,59669-26-0,0.8,uci,O=C(ON=C(C)SC)N(C)SN(C(=O)ON=C(C)SC)C
116,59-50-7,0.98,uci,Cc1cc(ccc1Cl)O
117,57-74-9,4.29,uci,ClC12C3C(C(C1(Cl)Cl)(C(=C2Cl)Cl)Cl)C(C(C3)Cl)Cl
118,57653-85-7,3.93,uci,O1c3cc(c(c(c3(Oc2cc(c(c(c12)Cl)Cl)Cl))Cl)Cl)Cl
119,576-24-9,1.23,uci,Clc1c(cccc1Cl)O
120,57567-84-7,0.11,uci,O=C(O)C1CCC(C)CC1(C(=O)O)
121,575-41-7,3.37,uci,Cc1cc(cc2c1cccc2)C
122,57465-28-8,4.68,uci,Clc1c(ccc(c1)c1cc(c(c(c1)Cl)Cl)Cl)Cl
123,57-15-8,0.27,uci,CC(C(Cl)(Cl)Cl)(C)O
124,57117-44-9,3.94,uci,o2c1cc(c(c(c1c3cc(c(c(c23)Cl)Cl)Cl)Cl)Cl)Cl
125,57117-43-8,3.57,uci,o2c1c(ccc(c1Cl)Cl)c3cc(c(c(c23)Cl)Cl)Cl
126,57117-41-6,3.58,uci,o2c1cc(c(cc1c3c2cc(c(c3Cl)Cl)Cl)Cl)Cl
127,57117-39-2,2.72,uci,o2c1cc(c(cc1c3ccc(c(c23)Cl)Cl)Cl)Cl
128,57117-31-4,4.13,uci,o2c1cc(c(cc1c3cc(c(c(c23)Cl)Cl)Cl)Cl)Cl
129,5707-44-8,2.82,uci,c1ccc(cc1)c2ccc(cc2)CC
130,57055-39-7,2.18,uci,O=C(O)C2(C)(CCCC3(c1cc(c(c(c1CCC23)Cl)C(C)C)Cl)(C))
131,57018-04-9,2.85,uci,O(c1c(cc(cc1Cl)C)Cl)P(OC)(OC)=S
132,569-64-2,1.86,uci,c1ccc(cc1)C(c2ccc(cc2)N(C)C)=C3C=CC(C=C3)=[N+](C)C
133,577-11-7,0.72,uci,O=C(OCC(CC)CCCC)CC(C(=O)OCC(CC)CCCC)S(=O)(=O)O
134,57837-19-1,0.84,uci,O=C(OC)C(N(C(=O)COC)c1c(cccc1C)C)C
135,59365-60-5,0.39,uci,Clc1c(cccc1)C(O)CO
136,579-10-2,0.07,uci,CN(c1ccccc1)C(=O)C
137,59261-08-4,4.66,uci,c2c(cc(c(c1c(cc(cc1Br)Br)Br)c2Br)Br)Br
138,5915-41-3,0.84,uci,n1c(nc(nc1NC(C)(C)C)Cl)NCC
139,591-35-5,1.92,uci,Oc1cc(cc(c1)Cl)Cl
140,591-27-5,1.22,uci,Nc1cc(ccc1)O
141,591-20-8,1.1,uci,Oc1cccc(c1)Br
142,59080-37-4,4.97,uci,c2cc(c(c1c(cccc1Br)Br)c(c2)Br)Br
143,59080-33-0,3.87,uci,c1ccc(cc1)c2c(cc(cc2Br)Br)Br
144,59039-21-3,3.79,uci,Clc1c(ccc(c1)Cl)Oc1ccc(cc1)Cl
145,5902-51-2,0.78,uci,O=C1NC(=C(C(=O)N1C(C)(C)C)Cl)C
146,58-90-2,2.16,uci,Clc1c(c(cc(c1Cl)Cl)Cl)O
147,583-78-8,1.11,uci,Oc1c(ccc(c1)Cl)Cl
148,5835-26-7,1.63,uci,O=C(O)C1(C)(CCCC2(C)(C3C(=CCC12)CC(C=C)(C)CC3))
149,583-39-1,0.41,uci,SC1=Nc2c(cccc2)N1
150,581-40-8,2.71,uci,Cc1cc2c(cc1C)cccc2
151,57960-19-7,2.38,uci,O=C(OC=1C(=O)c2ccccc2(C(=O)C=1CCCCCCCCCCCC))C
152,4883-72-1,0.45,uci,ON(C1CCCCC1)N=O
153,482-89-3,0.46,uci,O=C1c4ccccc4(NC1=C2Nc3ccccc3(C2(=O)))
154,622-97-9,1.5,uci,C=Cc1ccc(cc1)C
155,32669-06-0,2.6,uci,ClCCOC(c1ccccc1)c1ccccc1
156,330-55-2,1.27,uci,Clc1c(ccc(c1)NC(=O)N(OC)C)Cl
157,330-54-1,0.95,uci,Clc1c(ccc(c1)NC(=O)N(C)C)Cl
158,3296-90-0,0.42,uci,OCC(CO)(CBr)CBr
159,328-84-7,3.18,uci,FC(F)(F)c1ccc(c(c1)Cl)Cl
160,32861-85-1,3.59,uci,O=[N+]([O-])c2ccc(Oc1ccc(cc1Cl)Cl)cc2(OC)
161,32774-16-6,5.97,uci,c1c(cc(c(c1Cl)Cl)Cl)c2cc(c(c(c2)Cl)Cl)Cl
162,3268-87-9,3.12,uci,O1c3c(Oc2c1c(c(c(c2Cl)Cl)Cl)Cl)c(c(c(c3Cl)Cl)Cl)Cl
163,32598-14-4,4.28,uci,Clc1c(c(ccc1c1cc(c(cc1)Cl)Cl)Cl)Cl
164,34883-39-1,3.92,uci,Clc1c(cc(cc1)Cl)c1ccccc1
165,32598-13-3,4.35,uci,Clc1c(ccc(c1)c1cc(c(cc1)Cl)Cl)Cl
166,32598-11-1,5.08,uci,c1cc(c(cc1c2cc(ccc2Cl)Cl)Cl)Cl
167,32598-10-0,4.56,uci,Clc1c(ccc(c1)Cl)c1cc(c(cc1)Cl)Cl
168,3229-00-3,2.17,uci,BrCC(CBr)(CBr)CBr
169,3209-22-1,2.16,uci,O=[N+]([O-])c1cccc(c1Cl)Cl
170,320-60-5,3.37,uci,FC(F)(F)c1ccc(cc1Cl)Cl
171,315-18-4,1.42,uci,O=C(Oc1cc(c(c(c1)C)N(C)C)C)NC
172,33089-61-1,3.26,uci,N(=CN(C=Nc1ccc(cc1C)C)C)c2ccc(cc2C)C
173,3319-31-1,0.6,uci,O=C(c1c(ccc(c1)C(=O)OCC(CCCC)CC)C(=O)OCC(CCCC)CC)OCC(CCCC)CC
174,33284-53-6,4.39,uci,Clc1c(cc(c(c1Cl)Cl)Cl)c1ccccc1
175,33284-54-7,4.71,uci,Clc1c(c(c(cc1Cl)Cl)Cl)c1ccccc1
176,34643-46-4,3.77,uci,CCCSP(=S)(Oc1ccc(cc1Cl)Cl)OCC
177,346-10-1,0.49,uci,O=C(Nc1ccc(NC(=O)C(F)(F)C(F)(F)C(F)(F)F)c(O)c1)C(Oc2ccc(cc2C(C)(C)CC)C(C)(C)CC)CC
178,34256-82-1,1.3,uci,O=C(N(c1c(cccc1CC)C)COCC)CCl
179,34014-18-1,0.42,uci,O=C(NC)N(c1nnc(C(C)(C)C)s1)C
180,3389-71-7,3.81,uci,C1=CC2(C(=C(C1(C2(Cl)Cl)Cl)Cl)Cl)Cl
181,33857-26-0,2.47,uci,Clc1cc2c(cc1)Oc1c(ccc(c1)Cl)O2
182,3380-34-5,1.7,uci,Oc1cc(ccc1Oc1c(cc(cc1)Cl)Cl)Cl
183,33629-47-9,3.29,uci,O=[N+]([O-])c1cc(cc(c1(NC(C)CC))[N+](=O)[O-])C(C)(C)C
184,33576-92-0,1.89,uci,O(c1ccccc1)P(OC)(OC)=S
185,335-76-2,2.65,uci,OC(=O)C(C(C(C(C(C(C(C(C(F)(F)F)(F)F)(F)F)(F)F)(F)F)(F)F)(F)F)(F)F)(F)F
186,335-67-1,3.12,uci,FC(C(C(C(C(=O)O)(F)F)(F)F)(F)F)(C(C(C(F)(F)F)(F)F)(F)F)F
187,3347-22-6,1.43,uci,N#CC2=C(C#N)SC=1C(=O)c3ccccc3(C(=O)C=1S2)
188,33423-92-6,3.76,uci,O1c3cc(cc(c3(Oc2c1cc(cc2Cl)Cl))Cl)Cl
189,3337-71-1,-0.12,uci,O=C(OC)NS(=O)(=O)c1ccc(N)cc1
190,333-41-5,1.8,uci,n1c(OP(OCC)(OCC)=S)cc(nc1C(C)C)C
191,31508-00-6,4.38,uci,Clc1c(cc(c(c1)Cl)Cl)c1ccc(c(c1)Cl)Cl
192,314-40-9,0.6,uci,O=C1NC(=C(C(=O)N1C(C)CC)Br)C
193,311-89-7,1.3,uci,FC(N(C(C(C(C(F)(F)F)(F)F)(F)F)(F)F)C(C(C(C(F)(F)F)(F)F)(F)F)(F)F)(C(C(C(F)(F)F)(F)F)(F)F)F
194,294-62-2,3.95,uci,C1CCCCCCCCCCC1
195,29253-36-9,2.78,uci,c1ccc2c(c1)cccc2C(C)C
196,2921-88-2,3.1,uci,n1c(OP(OCC)(OCC)=S)c(cc(c1Cl)Cl)Cl
197,29082-74-4,3.91,uci,c1(c(c(c(c(c1Cl)Cl)Cl)Cl)Cl)C(=C(Cl)Cl)Cl
198,2885-00-9,-0.04,uci,CCCCCCCCCCCCCCCCCCS
199,28680-45-7,4.05,uci,C1=CC2(C(C1(C(C2(Cl)Cl)(Cl)Cl)Cl)Cl)Cl
200,28680-44-6,3.81,uci,C1(=C(C2(C(=C(C1(C2)Cl)Cl)Cl)Cl)Cl)Cl
201,28575-17-9,3.76,uci,c1cc(cc(c1)CC)c2cccc(c2)CC
202,283594-90-1,2.74,uci,O=C1OC3(C(OC(=O)CC(C)(C)C)=C1c2c(cc(cc2C)C)C)(CCCC3)
203,28299-29-8,0.22,uci,O=C(C(CC(=O)O)CCCCCCCCC=CCCCCCCCC)O
204,28249-77-6,2.25,uci,O=C(N(CC)CC)SCc1ccc(cc1)Cl
205,2814-20-2,0.11,uci,CC(C1=NC(=O)C=C(N1)C)C
206,28106-30-1,2.69,uci,CCc1ccccc1C=C
207,28076-73-5,4.14,uci,Clc1c(ccc(c1)Cl)Oc1c(cc(cc1)Cl)Cl
208,2764-72-9,0.76,uci,c1ccc[n+]2c1c1[n+](cc2)cccc1
209,27458-92-0,2.73,uci,CC(CCCCCCCCCCO)C
210,29446-15-9,2.88,uci,Clc1cc2c(cc1Cl)Oc1c(cccc1)O2
211,29690-50-9,3.58,uci,CC(C1C2C(CCC1)CCCC2)C
212,309-00-2,3.82,uci,ClC12C(=C(C(C3C2C2C=CC3C2)(C1(Cl)Cl)Cl)Cl)Cl
213,29761-21-5,2.73,uci,O=P(Oc1ccccc1)(Oc1ccccc1)OCCCCCCCC(C)C
214,3089-11-0,0.32,uci,COCN(c1nc(nc(n1)N(COC)COC)N(COC)COC)COC
215,307-55-1,4.31,uci,OC(=O)C(C(C(C(C(C(C(C(C(C(C(F)(F)F)(F)F)(F)F)(F)F)(F)F)(F)F)(F)F)(F)F)(F)F)(F)F)(F)F
216,3074-71-3,3.32,uci,CCCCC(C)C(C)C
217,30746-58-8,3.48,uci,Clc1c(c(c(c2c1Oc1c(cccc1)O2)Cl)Cl)Cl
218,306-52-5,0.08,uci,O=P(O)(O)OCC(Cl)(Cl)Cl
219,30560-19-1,-1.52,uci,O=C(NP(=O)(OC)SC)C
220,30171-80-3,1.11,uci,O(c1cc(c(c(c1)Br)Br)C)CC2OC2
221,3010-80-8,3.95,uci,OC(c1ccc(cc1)Cl)(c1ccc(cc1)Cl)c1ccc(cc1)Cl
222,300-76-5,0.93,uci,COP(=O)(OC(C(Br)(Cl)Cl)Br)OC
223,299-84-3,3.58,uci,O(c1cc(c(cc1Cl)Cl)Cl)P(OC)(OC)=S
224,298-07-7,0.62,uci,OP(=O)(OCC(CCCC)CC)OCC(CCCC)CC
225,298-06-6,0.45,uci,O(CC)P(OCC)(=S)S
226,298-04-4,2.48,uci,O(CC)P(OCC)(=S)SCCSCC
227,298-02-2,2.68,uci,O(CC)P(OCC)(=S)SCSCC
228,298-00-0,1.89,uci,O=[N+]([O-])c1ccc(OP(OC)(OC)=S)cc1
229,3481-20-7,2.52,uci,Nc1c(c(cc(c1Cl)Cl)Cl)Cl
230,34883-41-5,3.44,uci,Clc1cc(cc(c1)c1ccccc1)Cl
231,4821-19-6,3.07,uci,Oc1c(cccc1C1CCCCC1)C1CCCCC1
232,4051-66-5,1.48,uci,O=C(NCCCCCCCCCCCCCCCCCC)NCCCCCCCCCCCCCCCCCC
233,41464-40-8,4.26,uci,Clc1ccc(cc1c1c(cc(cc1)Cl)Cl)Cl
234,41464-39-5,4.84,uci,c2cc(c1cc(ccc1Cl)Cl)c(c(c2)Cl)Cl
235,4130-42-1,3.53,uci,Oc1c(cc(cc1C(C)(C)C)CC)C(C)(C)C
236,41122-70-7,3.59,uci,N#Cc1ccc(cc1)c2ccc(cc2)CCCCCC
237,41083-11-8,3.88,uci,n1cnn(c1)[Sn](C2CCCCC2)(C3CCCCC3)C4CCCCC4
238,4101-68-2,1.93,uci,BrCCCCCCCCCCBr
239,40690-89-9,0.83,uci,N#CCCN(c1ccc(cc1)N=Nc1ccc(cc1)[N+](=O)[O-])CCOC(=O)c1ccccc1
240,40487-42-1,3.71,uci,O=[N+]([O-])c1cc(c(c(c1(NC(CC)CC))[N+](=O)[O-])C)C
241,35065-27-1,5.56,uci,c2c(c1cc(c(cc1Cl)Cl)Cl)c(cc(c2Cl)Cl)Cl
242,40321-76-4,4.26,uci,O1c3cc(c(cc3(Oc2c1cc(c(c2Cl)Cl)Cl))Cl)Cl
243,40186-71-8,5.88,uci,Clc1cc(Cl)c(c(c1Cl)Cl)c1c(Cl)c(Cl)cc(c1Cl)Cl
244,39807-15-3,2.82,uci,O=C1OC(=NN1c2cc(OCC#C)c(cc2Cl)Cl)C(C)(C)C
245,39569-21-6,3.98,uci,Cc1c(c(c(c(c1Cl)Br)Br)Br)Br
246,39515-41-8/64257-84-7,3.04,uci,N#CC(OC(=O)C1C(C)(C)C1(C)(C))c3cccc(Oc2ccccc2)c3
247,39227-58-2,2.83,uci,Clc1c(cc(c2c1Oc1c(cccc1)O2)Cl)Cl
248,39227-28-6,4.0,uci,O1c3ccc(c(c3(Oc2c1c(c(c(c2Cl)Cl)Cl)Cl))Cl)Cl
249,41464-41-9,4.46,uci,Clc1c(cc(cc1)Cl)c1c(cccc1Cl)Cl
250,41464-42-0,4.85,uci,Clc1c(cc(cc1)Cl)c1cc(cc(c1)Cl)Cl
251,41464-51-1,5.43,uci,Clc1cc(Cl)c(cc1c1cccc(c1Cl)Cl)Cl
252,41483-43-6,2.27,uci,O=S(=O)(Oc1nc(nc(c1CCCC)C)NCC)N(C)C
253,479-27-6,0.78,uci,Nc1cccc2cccc(c12)N
254,475-03-6,3.33,uci,Cc1ccc2c(c1)CCCC2(C)C
255,47377-16-2,0.52,uci,OS(=O)(=O)c1ccc(cc1)CCCCCCCCCCCCCC
256,471-77-2,2.17,uci,O=C(O)C2(C)(CCCC3(C)(C1C(=CC(=C(C)C)CC1)CCC23))
257,4685-14-7,0.28,uci,C[n+]1ccc(cc1)c1cc[n+](cc1)C
258,462-08-8,0.07,uci,Nc1cnccc1
259,461-58-5,0.24,uci,NC(=N)NC#N
260,43222-48-6,1.3,uci,c1ccc(cc1)c3cc(c2ccccc2)[n+](n3C)C
261,43121-43-3,1.81,uci,O=C(C(Oc1ccc(cc1)Cl)n2ncnc2)C(C)(C)C
262,4292-75-5,3.29,uci,CCCCCCC1CCCCC1
263,42874-03-3,3.21,uci,O=[N+]([O-])c2ccc(Oc1ccc(cc1Cl)C(F)(F)F)cc2(OCC)
264,42576-02-3,3.18,uci,O=C(OC)c2cc(Oc1ccc(cc1Cl)Cl)ccc2[N+](=O)[O-]
265,42240-73-3,3.41,uci,Nc2ccc(c1ccc(N)c(c1Cl)Cl)c(c2Cl)Cl
266,4175-54-6,3.12,uci,CC1c2ccccc2C(CC1)C
267,4162-45-2,2.26,uci,OCCOc1c(cc(cc1Br)C(c2cc(c(OCCO)c(c2)Br)Br)(C)C)Br
268,39001-02-0,2.89,uci,o1c3c(c2c1c(c(c(c2Cl)Cl)Cl)Cl)c(c(c(c3Cl)Cl)Cl)Cl
269,3864-99-1,3.57,uci,Oc1c(cc(cc1C(C)(C)C)C(C)(C)C)n1nc2c(n1)cc(cc2)Cl
270,38640-62-9,3.27,uci,c2cc1ccc(cc1c(c2)C(C)C)C(C)C
271,3674-75-7,2.71,uci,c1ccc2c(c1)cc(c3ccccc23)CC
272,36559-22-5,4.53,uci,Clc1cc(ccc1c1c(c(ccc1)Cl)Cl)Cl
273,3648-21-3,0.88,uci,O=C(c1c(cccc1)C(=O)OCCCCCCC)OCCCCCCC
274,36335-67-8,2.46,uci,O=[N+]([O-])c1ccc(cc1(OP(OCC)(NC(C)CC)=S))C
275,361377-29-9,1.72,uci,Fc2c(ncnc2(Oc1ccccc1Cl))Oc4ccccc4(C(=NOC)C3=NOCCO3)
276,36065-30-2,4.32,uci,O(c1c(cc(cc1Br)Br)Br)CC(C)(CBr)Br
277,35860-37-8,3.7,uci,c2cc1c(cc(cc1C(C)C)C(C)C)c(c2)C(C)C
278,35822-46-9,3.67,uci,O1c3cc(c(c(c3(Oc2c1c(c(c(c2Cl)Cl)Cl)Cl))Cl)Cl)Cl
279,35694-08-7,5.81,uci,Clc1cc(c(c(c1Cl)Cl)Cl)c1cc(Cl)c(c(c1Cl)Cl)Cl
280,35693-99-3,4.45,uci,Clc1c(cc(cc1)Cl)c1c(ccc(c1)Cl)Cl
281,35554-44-0,1.81,uci,n1ccn(c1)CC(OCC=C)c2ccc(cc2Cl)Cl
282,355-46-4,3.6,uci,O=S(=O)(O)C(F)(F)C(F)(F)C(F)(F)C(F)(F)C(F)(F)C(F)(F)F
283,35367-38-5,2.35,uci,O=C(NC(=O)c1c(F)cccc1(F))Nc2ccc(cc2)Cl
284,3520-72-7,0.6,uci,O=C5N(N=C(C)C5(N=Nc1ccc(cc1Cl)c4ccc(N=NC2C(=O)N(NC2(C))c3ccccc3)c(c4)Cl))c6ccccc6
285,35065-29-3,6.06,uci,Clc1cc(Cl)c(cc1c1cc(Cl)c(c(c1Cl)Cl)Cl)Cl
286,35065-28-2,5.88,uci,Clc1cc(Cl)c(cc1c1ccc(c(c1Cl)Cl)Cl)Cl
287,36734-19-7,2.19,uci,O=C(NC(C)C)N2C(=O)N(c1cc(cc(c1)Cl)Cl)C(=O)C2
288,374726-62-2,1.68,uci,O=C(NCCc1ccc(OCC#C)c(OC)c1)C(OCC#C)c2ccc(cc2)Cl
289,3846-71-7,3.68,uci,Oc1c(cc(cc1C(C)(C)C)C(C)(C)C)n2nc3ccccc3(n2)
290,375-95-1,3.4,uci,OC(=O)C(C(C(C(C(C(C(C(F)(F)F)(F)F)(F)F)(F)F)(F)F)(F)F)(F)F)(F)F
291,38444-93-8,4.2,uci,Clc1c(cccc1Cl)c1c(c(ccc1)Cl)Cl
292,38444-90-5,4.58,uci,Clc1ccc(cc1)c1ccc(c(c1)Cl)Cl
293,38444-86-9,4.57,uci,Clc1cc(ccc1Cl)c1ccccc1Cl
294,38411-22-2,5.43,uci,Clc1ccc(c(c1c1c(Cl)ccc(c1Cl)Cl)Cl)Cl
295,38380-08-4,5.88,uci,Clc1ccc(cc1Cl)c1cc(Cl)c(c(c1Cl)Cl)Cl
296,38380-07-3,5.77,uci,Clc1c(ccc(c1Cl)Cl)c1ccc(c(c1Cl)Cl)Cl
297,38380-03-9,5.18,uci,Clc1cc(ccc1Cl)c1c(Cl)ccc(c1Cl)Cl
298,38380-02-8,4.7,uci,Clc1c(ccc(c1Cl)Cl)c1cc(ccc1Cl)Cl
299,3811-49-2,1.35,uci,O2c1ccccc1COP2(OC)=S
300,37680-73-2,5.05,uci,Clc1c(cc(c(c1)Cl)Cl)c1cc(ccc1Cl)Cl
301,37680-65-2,4.23,uci,c1ccc(c(c1)c2cc(ccc2Cl)Cl)Cl
302,3766-81-2,0.94,uci,O=C(Oc1ccccc1C(C)CC)NC
303,3761-42-0,0.5,uci,O=S(=O)(c1ccc(OP(OC)(OC)=S)cc1C)C
304,3761-41-9,0.13,uci,O=S(c1ccc(OP(OC)(OC)=S)cc1C)C
305,376-06-7,4.26,uci,OC(=O)C(C(C(C(C(C(C(C(C(C(C(C(C(F)(F)F)(F)F)(F)F)(F)F)(F)F)(F)F)(F)F)(F)F)(F)F)(F)F)(F)F)(F)F)(F)F
306,622-57-1,0.52,uci,CCNc1ccc(cc1)C
307,623-26-7,0.23,uci,N#Cc1ccc(cc1)C#N
308,26967-76-0,1.46,uci,O=P(Oc1ccc(cc1)C(C)C)(Oc1ccc(cc1)C(C)C)Oc1ccc(cc1)C(C)C
309,88-75-5,1.17,uci,Oc1c(cccc1)[N+](=O)[O-]
310,89-69-0,1.84,uci,O=[N+]([O-])c1cc(c(cc1Cl)Cl)Cl
311,89-63-4,1.06,uci,Nc1c(cc(cc1)Cl)[N+](=O)[O-]
312,89-61-2,2.05,uci,O=[N+]([O-])c1cc(ccc1Cl)Cl
313,89-59-8,1.92,uci,O=[N+]([O-])c1cc(ccc1C)Cl
314,88-98-2,0.05,uci,OC(=O)C1C(CC=CC1)C(=O)O
315,88-89-1,0.1,uci,O=[N+]([O-])c1cc(c(O)c(c1)[N+](=O)[O-])[N+](=O)[O-]
316,88-85-7,1.14,uci,O=[N+]([O-])c1cc(c(O)c(c1)C(C)CC)[N+](=O)[O-]
317,88-74-4,0.85,uci,Nc1c(cccc1)[N+](=O)[O-]
318,92341-06-5,3.2,uci,o2c1cc(c(c(c1c3c2c(c(cc3Cl)Cl)Cl)Cl)Cl)Cl
319,88-73-3,1.44,uci,Clc1c(cccc1)[N+](=O)[O-]
320,88-72-2,1.3,uci,Cc1c(cccc1)[N+](=O)[O-]
321,886-50-0,1.95,uci,CCNc1nc(SC)nc(n1)NC(C)(C)C
322,88-44-8,0.35,uci,O=S(=O)(O)c1cc(ccc1(N))C
323,883-20-5,2.56,uci,c1ccc2c(c1)cc(c3ccccc23)C
324,88-19-7,0.29,uci,Cc1c(cccc1)S(=O)(=O)N
325,88-06-2,1.92,uci,Oc1c(cc(cc1Cl)Cl)Cl
326,89-93-0,0.57,uci,Cc1ccccc1CN
327,900-95-8,3.4,uci,O=C(O[Sn](c1ccccc1)(c2ccccc2)c3ccccc3)C
328,90-12-0,1.73,uci,c1ccc2c(c1)cccc2C
329,9014-90-8,2.18,uci,O=S(=O)(O)OCCOCCOCCOCCOCCOCCOc1ccc(cc1)CCCCCCCCC
330,91-96-3,-0.03,uci,O=C(Nc1ccc(cc1C)c1cc(c(cc1)NC(=O)CC(=O)C)C)CC(=O)C
331,91-94-1,2.23,uci,Clc1c(ccc(c1)c1cc(c(cc1)N)Cl)N
332,91-66-7,2.04,uci,CCN(c1ccccc1)CC
333,91-58-7,3.63,uci,c1ccc2cc(ccc2(c1))Cl
334,91-57-6,2.49,uci,Cc1ccc2c(c1)cccc2
335,91-23-6,0.6,uci,COc1c(cccc1)[N+](=O)[O-]
336,91-22-5,0.49,uci,c1cccc2ncccc12
337,91-20-3,2.15,uci,c1c2c(ccc1)cccc2
338,91-15-6,0.55,uci,N#Cc1c(cccc1)C#N
339,90-94-8,1.52,uci,O=C(c1ccc(cc1)N(C)C)c2ccc(cc2)N(C)C
340,90-51-7,0.39,uci,Oc1cc(cc2c1cc(cc2)N)S(=O)(=O)O
341,90-43-7,1.34,uci,Oc1ccccc1c2ccccc2
342,90-41-5,1.44,uci,Nc1c(cccc1)c1ccccc1
343,90-30-2,3.28,uci,N(c1c2c(ccc1)cccc2)c1ccccc1
344,90-20-0,0.46,uci,O=S(=O)(O)c1cc(O)c2c(N)cc(cc2(c1))S(=O)(=O)O
345,879-39-0,1.9,uci,O=[N+]([O-])c1cc(c(c(c1Cl)Cl)Cl)Cl
346,87-86-5,2.67,uci,Oc1c(c(c(c(c1Cl)Cl)Cl)Cl)Cl
347,87-84-3,2.43,uci,ClC1C(C(C(C(C1Br)Br)Br)Br)Br
348,85-83-6,0.75,uci,Oc3ccc4ccccc4(c3(N=Nc2ccc(N=Nc1ccccc1C)cc2C))
349,85509-19-9,2.4,uci,Fc1ccc(cc1)[Si](c2ccc(F)cc2)(C)Cn3ncnc3
350,85-22-3,2.52,uci,c1(c(c(c(c(c1Br)Br)Br)Br)Br)CC
351,85-01-8,3.36,uci,c1cccc2ccc3c(c12)cccc3
352,84-87-7,1.11,uci,O=S(=O)(O)c2ccc(O)c1ccccc12
353,84-86-6,0.78,uci,O=S(=O)(O)c2ccc(N)c1ccccc12
354,84852-15-3,2.4,uci,Oc1ccc(cc1)CCCCCCC(C)C
355,84-74-2,2.23,uci,O=C(OCCCC)c1ccccc1(C(=O)OCCCC)
356,84-65-1,2.0,uci,O=C1c3ccccc3(C(=O)c2ccccc12)
357,84-57-1,1.16,uci,O=C1N(N=C(C)C1)c2cc(c(cc2Cl)S(=O)(=O)O)Cl
358,84-51-5,1.6,uci,O=C1c2c(ccc(c2)CC)C(=O)c2c1cccc2
359,84-15-1,3.3,uci,c1ccc(cc1)c3ccccc3(c2ccccc2)
360,84087-01-4,-0.1,uci,O=C(O)c1c2ncc(cc2(ccc1Cl))Cl
361,839-90-7,-0.05,uci,O=C1N(C(=O)N(C(=O)N1CCO)CCO)CCO
362,83-79-4,1.41,uci,O=C3c5ccc1OC(C(=C)C)Cc1c5(OC4COc2cc(OC)c(OC)cc2C34)
363,83704-22-7,3.41,uci,Clc1c(c2c(oc3c2ccc(c3)Cl)cc1Cl)Cl
364,85-68-7,1.01,uci,O=C(OCc1ccccc1)c2ccccc2(C(=O)OCCCC)
365,86-30-6,1.41,uci,O=NN(c1ccccc1)c1ccccc1
366,87-83-2,2.45,uci,Cc1c(c(c(c(c1Br)Br)Br)Br)Br
367,86-50-0,1.54,uci,COP(=S)(OC)SCN1C(=O)C2=CC=CC=C2N=N1
368,87-82-1,3.0,uci,c1(c(c(c(c(c1Br)Br)Br)Br)Br)Br
369,87820-88-0,1.5,uci,O=C2C(C(=O)CC(c1c(cc(cc1C)C)C)C2)=C(NOCC)CC
370,877-11-2,3.83,uci,c1(c(c(c(c(c1Cl)Cl)Cl)Cl)Cl)C
371,877-10-1,3.62,uci,c1(c(c(c(c(c1Cl)Cl)C)Cl)Cl)C
372,87-68-3,3.82,uci,ClC(=C(Cl)Cl)C(=C(Cl)Cl)Cl
373,87-65-0,1.17,uci,Oc1c(cccc1Cl)Cl
374,87-61-6,2.89,uci,Clc1c(cccc1Cl)Cl
375,87-40-1,2.84,uci,O(c1c(cc(cc1Cl)Cl)Cl)C
376,873-63-2,1.32,uci,OCc1cccc(c1)Cl
377,872-05-9,3.22,uci,CCCCCCCCC=C
378,87130-20-9,2.52,uci,O=C(OC(C)C)Nc1ccc(OCC)c(OCC)c1
379,87-02-5,0.11,uci,Oc1cc(cc2c1ccc(c2)N)S(=O)(=O)O
380,86-87-3,0.29,uci,OC(=O)Cc1c2c(ccc1)cccc2
381,86-74-8,2.18,uci,C1=CC=C2C(=C1)C3=CC=CC=C3N2
382,86-73-7,2.77,uci,c1ccc3c(c1)c2ccccc2C3
383,920-66-1,0.32,uci,FC(C(C(F)(F)F)O)(F)F
384,92-52-4,2.64,uci,c1ccc(cc1)c2ccccc2
385,834-12-8,1.52,uci,n1c(nc(nc1NC(C)C)SC)NCC
386,96489-71-3,1.68,uci,O=C1C(=C(C=NN1C(C)(C)C)SCc2ccc(cc2)C(C)(C)C)Cl
387,97-23-4,2.19,uci,Oc1c(cc(cc1)Cl)Cc1cc(ccc1O)Cl
388,96-96-8,0.79,uci,[O-][N+](=O)c1cc(ccc1N)OC
389,96-91-3,0.47,uci,O=[N+]([O-])c1cc(N)c(O)c(c1)[N+](=O)[O-]
390,96-76-4,2.46,uci,Oc1ccc(cc1C(C)(C)C)C(C)(C)C
391,96-73-1,0.48,uci,O=S(=O)(c1c(ccc(c1)[N+](=O)[O-])Cl)O
392,96-69-5,0.82,uci,CC(c1c(cc(c(c1)Sc1c(cc(c(c1)C(C)(C)C)O)C)C)O)(C)C
393,96525-23-4,1.44,uci,O=C2C(c1cccc(c1)C(F)(F)F)=C(OC2c3ccccc3)NC
394,96-45-7,-0.02,uci,N1C(NCC1)=S
395,92-69-3,1.64,uci,Oc1ccc(cc1)c1ccccc1
396,96-29-7,0.44,uci,CC(=NO)CC
397,962-58-3,-0.35,uci,O=P(Oc1nc(nc(c1)C)C(C)C)(OCC)OCC
398,96-18-4,1.07,uci,ClC(CCl)CCl
399,96-12-8,1.11,uci,C(C(CBr)Br)Cl
400,961-11-5,1.63,uci,Clc1c(cc(c(c1)Cl)Cl)C(=CCl)OP(=O)(OC)OC
401,95977-29-0,0.94,uci,O=C(O)C(Oc2ccc(Oc1ncc(cc1Cl)C(F)(F)F)cc2)C
402,95-95-4,2.6,uci,Oc1c(cc(c(c1)Cl)Cl)Cl
403,98-08-8,1.67,uci,FC(c1ccccc1)(F)F
404,98-10-2,0.52,uci,NS(=O)(=O)c1ccccc1
405,98-15-7,2.34,uci,FC(c1cc(ccc1)Cl)(F)F
406,98-54-4,1.79,uci,CC(c1ccc(cc1)O)(C)C
407,99-71-8,1.35,uci,CC(c1ccc(cc1)O)CC
408,99-65-0,0.77,uci,O=[N+]([O-])c1cccc(c1)[N+](=O)[O-]
409,99-62-7,3.22,uci,c1cc(cc(c1)C(C)C)C(C)C
410,99-54-7,1.82,uci,O=[N+](c1cc(c(cc1)Cl)Cl)[O-]
411,99387-89-0,2.59,uci,FC(F)(F)c2cc(ccc2(N=C(n1cncc1)COCCC))Cl
412,99-30-9,1.88,uci,O=[N+]([O-])c1cc(c(N)c(c1)Cl)Cl
413,99129-21-2,0.32,uci,O=C1C(C(=O)CC(C1)CC(C)SCC)=C(NOCC=CCl)CC
414,99-09-2,0.51,uci,O=[N+](c1cccc(c1)N)[O-]
415,99-08-1,1.02,uci,O=[N+](c1cc(ccc1)C)[O-]
416,98-95-3,0.66,uci,O=[N+](c1ccccc1)[O-]
417,98886-44-3,0.5,uci,O=C1N(CCS1)P(=O)(OCC)SC(C)CC
418,98-84-0,0.73,uci,NC(c1ccccc1)C
419,98-83-9,1.89,uci,CC(=C)c1ccccc1
420,98-82-8,1.55,uci,c1ccc(cc1)C(C)C
421,98-73-7,0.5,uci,CC(c1ccc(cc1)C(=O)O)(C)C
422,95-94-3,3.57,uci,Clc1c(cc(c(c1)Cl)Cl)Cl
423,95-82-9,1.24,uci,Nc1c(ccc(c1)Cl)Cl
424,95-80-7,1.45,uci,Nc1c(ccc(c1)N)C
425,94-75-7,-0.5,uci,O=C(O)COc1ccc(cc1Cl)Cl
426,947-04-6,0.29,uci,O=C1NCCCCCCCCCCC1
427,94-52-0,0.32,uci,O=[N+](c1cc2c(cc1)NC=N2)[O-]
428,944-61-6,4.4,uci,O(c1c(OC)c(c(c(c1Cl)Cl)Cl)Cl)C
429,944-22-9,1.89,uci,CCP(=S)(Sc1ccccc1)OCC
430,94361-06-5,1.45,uci,OC(c1ccc(cc1)Cl)(Cn2ncnc2)C(C)C3CC3
431,94125-34-5,-0.89,uci,O=C(Nc1nc(nc(n1)C)OC)NS(=O)(=O)c2ccccc2CCC(F)(F)F
432,938-86-3,3.51,uci,O(c1cc(c(c(c1Cl)Cl)Cl)Cl)C
433,938-22-7,3.34,uci,O(c1c(cc(c(c1Cl)Cl)Cl)Cl)C
434,935-95-5,2.15,uci,Oc1c(c(cc(c1Cl)Cl)Cl)Cl
435,933-12-0,2.87,uci,CC1(CC(C=CC1)C)C
436,92-94-4,1.77,uci,c1ccc(cc1)c2ccc(cc2)c3ccccc3
437,92-86-4,3.96,uci,Brc1ccc(cc1)c1ccc(cc1)Br
438,92-84-2,2.61,uci,N1c2c(cccc2)Sc2c1cccc2
439,92-77-3,0.76,uci,O=C(c1cc2ccccc2cc1O)Nc1ccccc1
440,92-70-6,0.46,uci,Oc1c(cc2c(c1)cccc2)C(=O)O
441,94-74-6,0.0,uci,O=C(O)COc1ccc(cc1C)Cl
442,947-72-8,3.48,uci,c1ccc2c(c1)cc(c3ccccc23)Cl
443,95-78-3,0.54,uci,Nc1c(ccc(c1)C)C
444,950-37-8,0.72,uci,O=C1N(N=C(OC)S1)CSP(OC)(OC)=S
445,95-77-2,1.75,uci,Clc1c(ccc(c1)O)Cl
446,95-76-1,1.13,uci,Clc1c(ccc(c1)N)Cl
447,95737-68-1,3.14,uci,n1ccccc1OC(C)COc3ccc(Oc2ccccc2)cc3
448,95-69-2,1.37,uci,Cc1c(ccc(c1)Cl)N
449,95-64-7,0.8,uci,Cc1c(ccc(c1)N)C
450,95-63-6,2.17,uci,Cc1c(ccc(c1)C)C
451,95-57-8,1.21,uci,Oc1c(cccc1)Cl
452,95-56-7,1.52,uci,Oc1ccccc1Br
453,95-51-2,0.93,uci,Nc1c(cccc1)Cl
454,95-50-1,2.47,uci,Clc1c(cccc1)Cl
455,95-49-8,1.86,uci,Cc1c(cccc1)Cl
456,95-48-7,1.03,uci,Oc1ccccc1C
457,95-47-6,1.15,uci,c1ccc(c(c1)C)C
458,95465-99-9,2.34,uci,O=P(OCC)(SC(C)CC)SC(C)CC
459,95-16-9,0.8,uci,N1=CSc2c1cccc2
460,83-42-1,1.99,uci,O=[N+]([O-])c1cccc(c1C)Cl
461,83-32-9,2.92,uci,C1c2cccc3c2c(ccc3)C1
462,62338-09-4,3.34,uci,CCCCCCCC(C(C)(C)C)C
463,68-12-2,-0.11,uci,CN(C=O)C
464,69806-40-2,1.23,uci,O=C(OC)C(Oc2ccc(Oc1ncc(cc1Cl)C(F)(F)F)cc2)C
465,696-44-6,0.86,uci,Cc1cccc(c1)NC
466,69377-81-7,1.79,uci,O=C(O)COc1nc(F)c(c(N)c1Cl)Cl
467,6936-40-9,3.69,uci,O(c1c(c(cc(c1Cl)Cl)Cl)Cl)C
468,69327-76-0,2.71,uci,O=C2N(c1ccccc1)CSC(=NC(C)(C)C)N2C(C)C
469,6842-15-5,3.25,uci,C(=CC(C)CC(C)CC(C)C)C
470,68359-37-5,2.7,uci,N#CC(OC(=O)C1C(C=C(Cl)Cl)C1(C)(C))c3ccc(F)c(Oc2ccccc2)c3
471,68085-85-8,3.29,uci,N#CC(OC(=O)C1C(C=C(C(F)(F)F)Cl)C1(C)(C))c3cccc(Oc2ccccc2)c3
472,74115-24-5,2.39,uci,n1nc(nnc1c2ccccc2Cl)c3ccccc3Cl
473,680-31-9,-0.55,uci,O=P(N(C)C)(N(C)C)N(C)C
474,67905-19-5,3.72,uci,OC(=O)C(C(C(C(C(C(C(C(C(C(C(C(C(C(C(F)(F)F)(F)F)(F)F)(F)F)(F)F)(F)F)(F)F)(F)F)(F)F)(F)F)(F)F)(F)F)(F)F)(F)F)(F)F
475,67747-09-5,2.59,uci,O=C(n1cncc1)N(CCOc2c(cc(cc2Cl)Cl)Cl)CCC
476,67-72-1,2.42,uci,ClC(C(Cl)(Cl)Cl)(Cl)Cl
477,67-68-5,0.35,uci,CS(=O)C
478,67-66-3,0.96,uci,ClC(Cl)Cl
479,67564-91-4,3.03,uci,O1C(C)CN(CC1C)CC(C)Cc2ccc(cc2)C(C)(C)C
480,7012-37-5,4.33,uci,Clc1c(ccc(c1)Cl)c1ccc(cc1)Cl
481,70124-77-5,3.6,uci,N#CC(c1cccc(c1)Oc1ccccc1)OC(=O)C(c1ccc(cc1)OC(F)F)C(C)C
482,70-30-4,2.1,uci,Oc1c(c(c(cc1Cl)Cl)Cl)Cc1c(c(cc(c1O)Cl)Cl)Cl
483,70648-26-9,3.9,uci,o2c1cc(c(cc1c3c2c(c(c(c3Cl)Cl)Cl)Cl)Cl)Cl
484,732-26-3,4.16,uci,Oc1c(cc(cc1C(C)(C)C)C(C)(C)C)C(C)(C)C
485,732-11-6,0.41,uci,O=C1c2ccccc2(C(=O)N1CSP(OC)(OC)=S)
486,731-27-1,1.87,uci,O=S(=O)(N(c1ccc(cc1)C)SC(F)(Cl)Cl)N(C)C
487,7287-19-6,1.93,uci,n1c(nc(nc1NC(C)C)SC)NC(C)C
488,7267-11-0,-0.01,uci,O=C(c1c2c(ccc(c2c(cc1)Cl)Cl)C(=O)O)O
489,72-55-9,4.3,uci,ClC(=C(c1ccc(cc1)Cl)c1ccc(cc1)Cl)Cl
490,72-43-5,2.5,uci,O(c1ccc(cc1)C(c2ccc(OC)cc2)C(Cl)(Cl)Cl)C
491,72178-02-0,0.78,uci,O=C(NS(=O)(=O)C)c2cc(Oc1ccc(cc1Cl)C(F)(F)F)ccc2[N+](=O)[O-]
492,71767-67-4,1.58,uci,[O-][N+](=O)c1cc(c(c(c1)Cl)N=Nc1ccc(cc1)N(CCC#N)CCC#N)Cl
493,"71751-41-2 (65195-55-3 B1a, 65195-56-4 B1b)",1.84,uci,O=C5OC2CC(OC1(OCC(C)CC1)C2)CC=C(C)C(OC4OC(C)C(OC3OC(C)C(O)C(OC)C3)C(OC)C4)C(C=CC=C6COC7C(O)C(=CC5C67(O))C)C
494,71626-11-4,1.76,uci,O=C(OC)C(N(C(=O)Cc1ccccc1)c2c(cccc2C)C)C
495,71-55-6,0.59,uci,CC(Cl)(Cl)Cl
496,71-43-2,0.63,uci,c1ccccc1
497,709-98-8,1.94,uci,O=C(Nc1ccc(c(c1)Cl)Cl)CC
498,7085-19-0,0.48,uci,O=C(O)C(Oc1ccc(cc1C)Cl)C
499,67562-39-4,3.45,uci,o2c1c(cc(c(c1Cl)Cl)Cl)c3c2c(c(c(c3Cl)Cl)Cl)Cl
500,67485-29-4,4.54,uci,FC(F)(F)c3ccc(C=CC(=NNC1=NCC(C)(C)CN1)C=Cc2ccc(cc2)C(F)(F)F)cc3
501,6731-36-8,3.99,uci,CC(OOC1(OOC(C)(C)C)CC(CC(C1)(C)C)C)(C)C
502,634-93-5,2.04,uci,Nc1c(cc(cc1Cl)Cl)Cl
503,634-90-2,3.36,uci,c1c(cc(c(c1Cl)Cl)Cl)Cl
504,634-83-3,2.21,uci,Nc1cc(c(c(c1Cl)Cl)Cl)Cl
505,634-67-3,2.0,uci,Nc1ccc(c(c1Cl)Cl)Cl
506,634-66-2,3.52,uci,Clc1c(ccc(c1Cl)Cl)Cl
507,63-25-2,1.3,uci,O=C(Oc1cccc2ccccc12)NC
508,629-62-9,1.38,uci,CCCCCCCCCCCCCCC
509,629-25-4,2.4,uci,O=C(O)CCCCCCCCCCC
510,62-73-7,-0.25,uci,O=P(OC=C(Cl)Cl)(OC)OC
511,626-67-5,0.51,uci,CN1CCCCC1
512,626-39-1,3.62,uci,Brc1cc(cc(c1)Br)Br
513,626-17-5,0.58,uci,N#Cc1cc(ccc1)C#N
514,62615-08-1,3.11,uci,Clc1c(c2c(oc3c2cc(cc3)Cl)cc1Cl)Cl
515,62-56-6,0.05,uci,NC(=S)N
516,62-53-3,0.26,uci,Nc1ccccc1
517,62-44-2,1.23,uci,CC(=O)Nc1ccc(cc1)OCC
518,634-91-3,2.36,uci,Nc1cc(c(c(c1)Cl)Cl)Cl
519,6358-85-6,0.62,uci,O=C(Nc1ccccc1)C(N=Nc2ccc(cc2Cl)c4ccc(N=NC(C(=O)Nc3ccccc3)C(=O)C)c(c4)Cl)C(=O)C
520,67306-00-7,2.2,uci,c1cc(ccc1CC(C)CN2CCCCC2)C(C)(C)C
521,636-28-2,3.7,uci,c1c(c(cc(c1Br)Br)Br)Br
522,67028-18-6,3.35,uci,Clc1c(c(cc2c1Oc1c(cc(cc1)Cl)O2)Cl)Cl
523,66841-25-6,3.08,uci,N#CC(OC(=O)C1C(C(C(Br)(Br)Br)Br)C1(C)(C))c3cccc(Oc2ccccc2)c3
524,66-81-9,0.21,uci,O=C1NC(=O)CC(C1)CC(O)C2C(=O)C(C)CC(C)C2
525,66735-04-4,0.63,uci,O=C(O)C(C)Cc1ccc(cc1)C(C)(C)C
526,66441-23-4,0.69,uci,O=C(OCC)C(Oc3ccc(Oc1nc2ccc(cc2(o1))Cl)cc3)C
527,6639-30-1,3.78,uci,c1c(c(cc(c1Cl)Cl)Cl)C
528,66332-96-5,1.65,uci,O=C(Nc1cccc(OC(C)C)c1)c2ccccc2C(F)(F)F
529,66246-88-6,1.97,uci,n1cnn(c1)CC(c2ccc(cc2Cl)Cl)CCC
530,66215-27-8,0.0,uci,n1c(nc(nc1N)NC2CC2)N
531,66063-05-6,2.35,uci,O=C(Nc1ccccc1)N(Cc2ccc(cc2)Cl)C3CCCC3
532,65733-16-6,2.66,uci,O=C(OC(C)C)C=C(C=CCC(C)CCCC(OC)(C)C)C
533,64628-44-0,2.79,uci,O=C(NC(=O)c1ccccc1Cl)Nc2ccc(OC(F)(F)F)cc2
534,6459-94-5,1.84,uci,O=S(=O)(O)c6cc5ccc(O)c(N=Nc1ccc(cc1C)c4ccc(N=Nc3ccc(OS(=O)(=O)c2ccc(cc2)C)cc3)c(c4)C)c5c(c6)S(=O)(=O)O
535,639-58-7,3.14,uci,c1ccc(cc1)[Sn](c2ccccc2)(c3ccccc3)Cl
536,636-30-6,2.33,uci,Nc1cc(c(cc1Cl)Cl)Cl
537,74070-46-5,3.46,uci,O=[N+]([O-])c2ccc(Oc1ccccc1)c(c2(N))Cl
538,741-58-2,2.94,uci,O=S(=O)(NCCSP(OC(C)C)(OC(C)C)=S)c1ccccc1
539,832-69-9,3.18,uci,Cc1cccc2c1ccc1c2cccc1
540,79538-32-2,3.48,uci,O=C(OCc1c(F)c(F)c(c(F)c1(F))C)C2C(C=C(C(F)(F)F)Cl)C2(C)(C)
541,81-11-8,0.28,uci,OS(=O)(=O)c1c(ccc(c1)N)C=Cc1c(cc(cc1)N)S(=O)(=O)O
542,80844-07-1,3.6,uci,CCOc1ccc(cc1)C(COCc1cccc(c1)Oc1ccccc1)(C)C
543,80-43-3,2.75,uci,CC(c1ccccc1)(OOC(c1ccccc1)(C)C)C
544,80-05-7,1.52,uci,CC(c1ccc(cc1)O)(c1ccc(cc1)O)C
545,79-94-7,2.46,uci,CC(c1cc(c(c(c1)Br)O)Br)(c1cc(c(c(c1)Br)O)Br)C
546,79-92-5,2.98,uci,CC1(C2CC(C1=C)CC2)C
547,79622-59-6,3.01,uci,O=[N+]([O-])c2cc(c(c(c2(Nc1ncc(cc1Cl)C(F)(F)F))[N+](=O)[O-])Cl)C(F)(F)F
548,79-46-9,0.62,uci,CC([N+](=O)[O-])C
549,74223-64-6,0.0,uci,O=C(OC)c1ccccc1S(=O)(=O)NC(=O)Nc2nc(nc(n2)C)OC
550,79-34-5,1.07,uci,ClC(C(Cl)Cl)Cl
551,79277-27-3,-0.1,uci,O=C(OC)c1c(ccs1)S(=O)(=O)NC(=O)Nc2nc(nc(n2)C)OC
552,79-27-6,0.76,uci,BrC(C(Br)Br)Br
553,791-31-1,2.85,uci,O[Si](c1ccccc1)(c2ccccc2)c3ccccc3
554,79127-80-3,2.33,uci,O=C(OCC)NCCOc2ccc(Oc1ccccc1)cc2
555,79060-60-9,2.78,uci,o2c1c(ccc(c1Cl)Cl)c3c2c(c(c(c3Cl)Cl)Cl)Cl
556,79-01-6,1.16,uci,ClC(=CCl)Cl
557,81-14-1,3.09,uci,[O-][N+](=O)c1c(C)c(C(=O)C)c(c(c1C(C)(C)C)[N+](=O)[O-])C
558,81-15-2,3.63,uci,O=[N+]([O-])c1c(c(c(c(c1C)[N+](=O)[O-])C(C)(C)C)[N+](=O)[O-])C
559,81-16-3,0.53,uci,Nc1ccc2c(c1S(=O)(=O)O)cccc2
560,81335-77-5,0.2,uci,O=C(O)c2cc(cnc2(C1=NC(C(=O)N1)(C)C(C)C))CC
561,83164-33-4,3.11,uci,O=C(Nc1ccc(F)cc1(F))c3cccnc3(Oc2cccc(c2)C(F)(F)F)
562,83121-18-0,2.81,uci,O=C(NC(=O)c1c(F)cccc1(F))Nc2cc(c(F)c(c2(F))Cl)Cl
563,83055-99-6,0.2,uci,O=C(OC)c1ccccc1CS(=O)(=O)NC(=O)Nc2nc(OC)cc(n2)OC
564,829-26-5,3.0,uci,Cc1cc2c(cc1C)ccc(c2)C
565,82-68-8,2.74,uci,O=[N+]([O-])c1c(c(c(c(c1Cl)Cl)Cl)Cl)Cl
566,82657-04-3,3.78,uci,O=C(C1C(C1(C)C)/C=C(/C(F)(F)F)\Cl)OCc1cccc(c1C)c1ccccc1
567,82560-54-1,1.95,uci,O=C(Oc2cccc1c2(OC(C)(C)C1))N(C)SN(CCC(=O)OCC)C(C)C
568,82558-50-7,1.85,uci,O=C(Nc1onc(c1)C(C)(CC)CC)c2c(OC)cccc2(OC)
569,82-47-3,0.9,uci,O=S(=O)(O)c1cc(c2cccc(O)c2(c1(N)))S(=O)(=O)O
570,82-45-1,2.03,uci,O=C1c2c(cccc2N)C(=O)c2c1cccc2
571,82-44-0,2.36,uci,O=C1c2c(cccc2C(=O)c2c1cccc2)Cl
572,82097-50-5,0.11,uci,O=C(Nc1nc(nc(n1)C)OC)NS(=O)(=O)c2ccccc2(OCCCl)
573,82-05-3,2.12,uci,O=c1c2c3c(cccc3ccc2)c2ccccc12
574,81-88-9,-0.23,uci,O=C(O)c1ccccc1C=3c4ccc(cc4(OC2=CC(C=CC2=3)=[N+](CC)CC))N(CC)CC
575,81777-89-1,1.6,uci,O=C1N(OCC1(C)C)Cc2ccccc2Cl
576,79-00-5,0.62,uci,ClC(CCl)Cl
577,78-87-5,0.71,uci,CC(CCl)Cl
578,78-79-5,1.22,uci,CC(=C)C=C
579,76-44-8,3.95,uci,ClC12C3C(C(C1(Cl)Cl)(C(=C2Cl)Cl)Cl)C=CC3Cl
580,76-13-1,1.66,uci,FC(C(F)(Cl)Cl)(F)Cl
581,76-12-0,1.84,uci,FC(C(F)(Cl)Cl)(Cl)Cl
582,76-03-9,0.13,uci,ClC(C(=O)O)(Cl)Cl
583,760-23-6,0.86,uci,C=CC(CCl)Cl
584,75-98-9,0.23,uci,O=C(O)C(C)(C)C
585,75-71-8,0.84,uci,FC(F)(Cl)Cl
586,75-65-0,0.54,uci,CC(C)(C)O
587,75627-02-0,2.96,uci,o2c1c(cc(c(c1c3c2c(c(cc3Cl)Cl)Cl)Cl)Cl)Cl
588,75-35-4,1.0,uci,C=C(Cl)Cl
589,75-25-2,1.18,uci,BrC(Br)Br
590,75-15-0,1.29,uci,C(=S)=S
591,75-09-2,1.22,uci,ClCCl
592,74-97-5,0.53,uci,ClCBr
593,74918-40-4,3.01,uci,Clc1cc2c(c3c(o2)c(ccc3)Cl)cc1
594,74-31-7,3.13,uci,N(c1ccc(cc1)Nc1ccccc1)c1ccccc1
595,764-13-6,2.41,uci,CC(=CC=C(C)C)C
596,767-00-0,0.91,uci,N#Cc1ccc(O)cc1
597,78-63-7,3.48,uci,O(OC(C)(C)CCC(OOC(C)(C)C)(C)C)C(C)(C)C
598,76738-62-0,1.64,uci,OC(C(n1ncnc1)Cc2ccc(cc2)Cl)C(C)(C)C
599,78-59-1,0.35,uci,CC1(C)CC(=CC(=O)C1)C
600,78587-05-0,3.04,uci,O=C(NC1CCCCC1)N3C(=O)SC(c2ccc(cc2)Cl)C3C
601,78-51-3,0.67,uci,O=P(OCCOCCCC)(OCCOCCCC)OCCOCCCC
602,78-48-8,3.48,uci,O=P(SCCCC)(SCCCC)SCCCC
603,78-42-2,1.36,uci,O=P(OCC(CCCC)CC)(OCC(CCCC)CC)OCC(CCCC)CC
604,78-40-0,0.01,uci,O=P(OCC)(OCC)OCC
605,78-30-8,2.9,uci,O=P(Oc1ccccc1C)(Oc2ccccc2C)Oc3ccccc3C
606,782-74-1,3.68,uci,Clc1c(cccc1)NNc1c(cccc1)Cl
607,779-02-2,2.72,uci,Cc1c2c(cc3c1cccc3)cccc2
608,77-73-6,2.38,uci,C1C2C(C3CC2C=C3)C=C1
609,7756-94-7,3.42,uci,C=C(C)CCC(C)CCC(C)C
610,77-47-4,1.18,uci,C=1(C(=C(C(C=1Cl)(Cl)Cl)Cl)Cl)Cl
611,76-93-7,0.02,uci,OC(c1ccccc1)(c1ccccc1)C(=O)O
612,76-87-9,3.49,uci,O[Sn](c1ccccc1)(c1ccccc1)c1ccccc1
613,76-83-5,2.63,uci,ClC(c1ccccc1)(c1ccccc1)c1ccccc1
614,27314-13-2,1.45,uci,O=C1C(=C(C=NN1c2cccc(c2)C(F)(F)F)NC)Cl
615,99-99-0,0.91,uci,O=[N+](c1ccc(cc1)C)[O-]
616,112281-77-3,1.55,uci,FC(F)C(F)(F)OCC(c1ccc(cc1Cl)Cl)Cn2ncnc2
617,132-64-9,3.19,uci,c1cccc2c1c1ccccc1o2
618,118-74-1,4.27,uci,Clc1c(c(c(c(c1Cl)Cl)Cl)Cl)Cl
619,118-79-6,2.71,uci,Oc1c(cc(cc1Br)Br)Br
620,118-83-2,1.95,uci,FC(c1c(ccc(c1)Cl)[N+](=O)[O-])(F)F
621,118-91-2,0.75,uci,Clc1c(cccc1)C(=O)O
622,118-96-7,0.99,uci,O=[N+]([O-])c1cc(c(c(c1)[N+](=O)[O-])C)[N+](=O)[O-]
623,119-12-0,0.77,uci,O=C1C=CC(=NN1c2ccccc2)OP(OCC)(OCC)=S
624,119168-77-3,1.14,uci,O=C(NCc1ccc(cc1)C(C)(C)C)c2c(c(nn2C)CC)Cl
625,119-33-5,0.96,uci,Oc1ccc(cc1[N+](=O)[O-])C
626,119446-68-3,2.5,uci,n1cnn(c1)CC2(OCC(O2)C)c4ccc(Oc3ccc(cc3)Cl)cc4Cl
627,1194-65-6,2.0,uci,N#Cc1c(cccc1Cl)Cl
628,119-47-1,2.67,uci,Oc1c(cc(cc1Cc1c(c(cc(c1)C)C(C)(C)C)O)C)C(C)(C)C
629,119-56-2,1.82,uci,OC(c1ccccc1)c2ccc(cc2)Cl
630,119-61-9,1.01,uci,O=C(c1ccccc1)c1ccccc1
631,119-64-2,2.5,uci,c1c2c(ccc1)CCCC2
632,119738-06-6,2.53,uci,O=C(OCC1OCCC1)C(Oc4ccc(Oc2nc3ccc(cc3(nc2))Cl)cc4)C
633,119-93-7,1.64,uci,Cc1c(ccc(c1)c1cc(c(cc1)N)C)N
634,120068-37-3,2.51,uci,N#Cc1nn(c(N)c1S(=O)C(F)(F)F)c2c(cc(cc2Cl)C(F)(F)F)Cl
635,120116-88-3,2.46,uci,N#Cc2nc(c(c1ccc(cc1)C)n2S(=O)(=O)N(C)C)Cl
636,120-12-7,3.26,uci,c1c2c(cc3c1cccc3)cccc2
637,120-52-5,0.43,uci,O=C(ON=C2C=CC(=NOC(=O)c1ccccc1)C=C2)c3ccccc3
638,120-54-7,1.18,uci,C(N1CCCCC1)(=S)SSSSC(N2CCCCC2)=S
639,120-71-8,0.69,uci,Nc1cc(ccc1OC)C
640,120-78-5,1.29,uci,C1=CC=C2C(=C1)N=C(S2)SSC3=NC4=CC=CC=C4S3
641,118-44-5,2.35,uci,c1ccc2c(c1)cccc2(NCC)
642,118-32-1,0.5,uci,O=S(=O)(c1cc(cc2c1cc(cc2)O)S(=O)(=O)O)O
643,118134-30-8,1.9,uci,O1CC(OC12(CCC(CC2)C(C)(C)C))CN(CC)CCC
644,115-28-6,0.08,uci,ClC12C(C(C(C1(Cl)Cl)(C(=C2Cl)Cl)Cl)C(=O)O)C(=O)O
645,111479-05-1,2.77,uci,O=C(OCCON=C(C)C)C(Oc3ccc(Oc1nc2ccc(cc2(nc1))Cl)cc3)C
646,1116-76-3,1.95,uci,CCCCCCCCN(CCCCCCCC)CCCCCCCC
647,111-84-2,3.15,uci,CCCCCCCCC
648,111-94-4,-0.13,uci,N#CCCNCCC#N
649,26898-17-9,4.0,uci,c1ccc(cc1)Cc2ccc(c(c2)C)Cc3ccccc3
650,112-40-3,2.59,uci,CCCCCCCCCCCC
651,112410-23-8,1.84,uci,O=C(NN(C(=O)c1cc(cc(c1)C)C)C(C)(C)C)c2ccc(cc2)CC
652,112-41-4,3.4,uci,CCCCCCCCCCC=C
653,1141-38-4,0.68,uci,OC(=O)c1cc2ccc(cc2cc1)C(=O)O
654,114369-43-6,2.2,uci,N#CC(c1ccccc1)(Cn2ncnc2)CCc3ccc(cc3)Cl
655,115-29-7,3.44,uci,O=S1OCC2C(CO1)C3(C(=C(C2(C3(Cl)Cl)Cl)Cl)Cl)Cl
656,117-81-7,2.38,uci,O=C(c1c(cccc1)C(=O)OCC(CCCC)CC)OCC(CCCC)CC
657,115-32-2,3.78,uci,OC(c1ccc(cc1)Cl)(c1ccc(cc1)Cl)C(Cl)(Cl)Cl
658,115-77-5,0.03,uci,OCC(CO)(CO)CO
659,115-86-6,2.38,uci,O=P(Oc1ccccc1)(Oc2ccccc2)Oc3ccccc3
660,115-90-2,1.68,uci,CCOP(=S)(Oc1ccc(cc1)S(=O)C)OCC
661,115-96-8,0.16,uci,O=P(OCCCl)(OCCCl)OCCCl
662,1163-19-5,2.29,uci,O(c1c(c(c(c(c1Br)Br)Br)Br)Br)c2c(c(c(c(c2Br)Br)Br)Br)Br
663,116714-46-6,3.32,uci,O=C(NC(=O)c1c(F)cccc1(F))Nc2ccc(OC(F)(F)C(F)OC(F)(F)F)c(c2)Cl
664,117-18-0,3.25,uci,O=[N+]([O-])c1c(c(cc(c1Cl)Cl)Cl)Cl
665,117428-22-5,2.46,uci,O=C(OC)C(=COC)c1ccccc1COc2nc(ccc2)C(F)(F)F
666,117-79-3,1.55,uci,O=C1c2cc(ccc2C(=O)c2c1cccc2)N
667,120-82-1,3.19,uci,Clc1c(ccc(c1)Cl)Cl
668,120-83-2,1.71,uci,Clc1c(ccc(c1)Cl)O
669,120928-09-8,2.84,uci,n1cnc3ccccc3(c1OCCc2ccc(cc2)C(C)(C)C)
670,129-00-0,2.97,uci,c1c2c3c4c(c1)cccc4ccc3ccc2
671,126-72-7,0.45,uci,O=P(OCC(CBr)Br)(OCC(CBr)Br)OCC(CBr)Br
672,126-73-8,1.38,uci,O=P(OCCCC)(OCCCC)OCCCC
673,126833-17-8,2.2,uci,O=C(Nc1ccc(O)c(c1Cl)Cl)C2(C)(CCCCC2)
674,127-18-4,1.78,uci,ClC(=C(Cl)Cl)Cl
675,127-20-8,0.76,uci,O=C(O)C(C)(Cl)Cl
676,127-27-5,1.92,uci,O=C(O)C2(C)(CCCC3(C)(C1C(=CC(C=C)(C)CC1)CCC23))
677,127-68-4,0.7,uci,O=[N+]([O-])c1cccc(c1)S(=O)(=O)O
678,127-90-2,3.39,uci,ClC(Cl)(Cl)C(COCC(C(Cl)(Cl)Cl)Cl)Cl
679,128-37-0,3.12,uci,Oc1c(cc(cc1C(C)(C)C)C)C(C)(C)C
680,128639-02-1,2.25,uci,O=C(OCC)C(Cc1cc(c(F)cc1Cl)N2N=C(N(C2(=O))C(F)F)C)Cl
681,129-43-1,2.31,uci,O=C1c2c(cccc2O)C(=O)c2c1cccc2
682,126448-41-7/135158-54-2,2.07,uci,OC(c2cccc1nnsc12)=S
683,129630-19-9,0.38,uci,O=C(OCC)COc1cc(c(F)cc1Cl)c2nn(c(OC(F)F)c2Cl)C
684,13029-08-8,3.64,uci,Clc1c(cccc1)c1c(cccc1)Cl
685,13071-79-9,2.73,uci,CCOP(=S)(SCSC(C)(C)C)OCC
686,131-09-9,2.31,uci,O=C1c2c(ccc(c2)Cl)C(=O)c2c1cccc2
687,13116-53-5,1.6,uci,ClC(CCl)(CCl)Cl
688,131341-86-1,2.56,uci,N#Cc1c[nH]cc1c3cccc2OC(F)(F)Oc23
689,13150-81-7,3.18,uci,CC(CCCC(CCCC)C)C
690,131-57-7,2.03,uci,O=C(c1c(cc(cc1)OC)O)c1ccccc1
691,131807-57-3,3.48,uci,O=C4OC(c2ccc(Oc1ccccc1)cc2)(C(=O)N4(Nc3ccccc3))C
692,131983-72-7,0.78,uci,O=C(OCC)C1CC(=O)C(C(=O)C1)=C(O)C2CC2
693,126690-66-2,3.29,uci,CC(C=C(CC(C)C)C)C
694,126-33-0,0.62,uci,O=S1(=O)CCCC1
695,121-14-2,0.9,uci,O=[N+]([O-])c1ccc(c(c1)[N+](=O)[O-])C
696,1222-05-5,3.02,uci,CC1COCc2c1cc1c(c2)C(C(C1(C)C)C)(C)C
697,1212-29-9,0.65,uci,N(C(NC1CCCCC1)=S)C2CCCCC2
698,121-44-8,0.45,uci,CCN(CC)CC
699,121-69-7,0.96,uci,CN(c1ccccc1)C
700,121-73-3,1.89,uci,O=[N+]([O-])c1cccc(c1)Cl
701,121-75-5,1.26,uci,O=C(OCC)CC(C(=O)OCC)SP(OC)(OC)=S
702,121-82-4,0.3,uci,O=[N+]([O-])N1CN([N+](=O)[O-])CN([N+](=O)[O-])C1
703,121-92-6,0.6,uci,OC(=O)c1cccc(c1)[N+](=O)[O-]
704,122008-85-9,0.88,uci,N#Cc2ccc(Oc1ccc(OC(C(=O)OCCCC)C)cc1)c(F)c2
705,122-14-5,1.89,uci,S=P(Oc1cc(c(cc1)[N+](=O)[O-])C)(OC)OC
706,122-20-3,-0.49,uci,CC(CN(CC(C)O)CC(C)O)O
707,122-32-7,2.54,uci,O=C(OCC(OC(=O)CCCCCCCC=CCCCCCCCC)COC(=O)CCCCCCCC=CCCCCCCCC)CCCCCCCC=CCCCCCCCC
708,126-30-7,0.42,uci,CC(CO)(CO)C
709,122-34-9,0.84,uci,n1c(nc(nc1NCC)Cl)NCC
710,122-39-4,2.24,uci,N(c1ccccc1)c1ccccc1
711,123251-96-7,-0.1,uci,Nc1c(cc(cc1Cl)c1cc(c(c(c1)Cl)N)S(=O)(=O)O)S(=O)(=O)O
712,123-48-8,3.29,uci,CC(CC(=CC(C)(C)C)C)(C)C
713,123-63-7,0.28,uci,CC1OC(OC(O1)C)C
714,123-91-1,-0.29,uci,C1COCCO1
715,124-11-8,3.18,uci,CCCCCCCC=C
716,1241-94-7,2.59,uci,O=P(Oc1ccccc1)(Oc1ccccc1)OCC(CCCC)CC
717,124495-18-7,3.7,uci,Fc3ccc(Oc2ccnc1cc(cc(c12)Cl)Cl)cc3
718,125116-23-6,2.11,uci,OC3(Cn1ncnc1)(C(Cc2ccc(cc2)Cl)CCC3(C)(C))
719,111-44-4,0.62,uci,ClCCOCCCl
720,111-41-1,0.29,uci,NCCNCCO
721,111-40-0,0.5,uci,NCCNCCN
722,101-81-5,2.97,uci,C(c1ccccc1)c1ccccc1
723,100-80-1,1.55,uci,C=Cc1cccc(c1)C
724,101007-06-1,2.73,uci,N#CC(OC(=O)C1C(C=CC(=O)OC(C(F)(F)F)C(F)(F)F)C1(C)(C))c3cccc(Oc2ccccc2)c3
725,101-02-0,2.39,uci,O(c1ccccc1)P(Oc2ccccc2)Oc3ccccc3
726,10113-28-7,2.76,uci,O=P(OC)(OC)Oc1ccccc1
727,101-14-4,2.33,uci,Clc1c(ccc(c1)Cc1cc(c(cc1)N)Cl)N
728,101-20-2,1.99,uci,O=C(Nc1ccc(c(c1)Cl)Cl)Nc1ccc(cc1)Cl
729,101-21-3,2.16,uci,O=C(OC(C)C)Nc1cccc(c1)Cl
730,1014-70-6,0.31,uci,n1c(nc(nc1NCC)SC)NCC
731,101-53-1,1.4,uci,Oc1ccc(cc1)Cc1ccccc1
732,101-77-9,1.12,uci,Nc1ccc(cc1)Cc1ccc(cc1)N
733,101-84-8,2.57,uci,O(c1ccccc1)c1ccccc1
734,100-43-6,1.89,uci,C=Cc1ccncc1
735,102-06-7,1.05,uci,N=C(Nc1ccccc1)Nc1ccccc1
736,102-70-5,0.54,uci,C=CCN(CC=C)CC=C
737,102-71-6,0.35,uci,OCCN(CCO)CCO
738,102-82-9,1.3,uci,N(CCCC)(CCCC)CCCC
739,102851-06-9,2.3,uci,N#CC(OC(=O)C(Nc1ccc(cc1Cl)C(F)(F)F)C(C)C)c3cccc(Oc2ccccc2)c3
740,10315-98-7,0.23,uci,O1CCN(CC1)CC(C)C
741,10319-14-9,1.06,uci,O=C1C(c2nc3c(c(c2O)Br)cccc3)C(=O)c2c1cccc2
742,103-44-6,2.94,uci,CCC(CCCC)COC=C
743,103-50-4,2.48,uci,C(c1ccccc1)OCc1ccccc1
744,103-69-5,1.05,uci,CCNc1ccccc1
745,100-61-8,0.83,uci,CNc1ccccc1
746,100-42-5,1.13,uci,C=Cc1ccccc1
747,104294-16-8,3.95,uci,Clc1c(c(cc(c1)Cl)Cl)Oc1ccc(cc1Cl)Cl
748,65-85-0,1.0,uci,O=C(O)c1ccccc1
749,105-67-9,1.18,uci,Oc1ccc(cc1C)C
750,108-39-4,1.03,uci,Oc1cccc(c1)C
751,113136-77-9,-0.4,uci,O=C(O)C2CC2(C(=O)Nc1ccc(cc1Cl)Cl)
752,114311-32-9,-1.0,uci,O=C(O)c2cc(cnc2(C1=NC(=O)C(N1)(C)C(C)C))COC
753,1689-84-5,0.84,uci,N#Cc1cc(c(O)c(c1)Br)Br
754,178928-70-6,1.27,uci,OC(Cc1ccccc1Cl)(CN2N=CNC2=S)C3(CC3)Cl
755,22259-30-9,0.0,uci,O=C(Oc1cccc(N=CN(C)C)c1)NC
756,2460-49-3,1.98,uci,Oc1cc(c(cc1(OC))Cl)Cl
757,25155-30-0,2.02,uci,O=S(=O)(O)c1ccccc1CCCCCCCCCCCC
758,57057-83-7,2.46,uci,Oc1cc(c(c(c1(OC))Cl)Cl)Cl
759,74051-80-2,0.93,uci,O=C1C(=C(O)CC(C1)CC(C)SCC)C(=NOCC)CCC
760,100-40-3,2.24,uci,C=CC1CCC=CC1
761,74-11-3,1.0,uci,O=C(O)c1ccc(cc1)Cl
762,93-72-1,1.76,uci,O=C(O)C(Oc1cc(c(cc1Cl)Cl)Cl)C
763,93-76-5,1.38,uci,O=C(O)COc1cc(c(cc1Cl)Cl)Cl
764,100-00-5,1.46,uci,O=[N+](c1ccc(cc1)Cl)[O-]
765,100-01-6,0.65,uci,O=[N+](c1ccc(cc1)N)[O-]
766,100-02-7,0.74,uci,O=[N+](c1ccc(cc1)O)[O-]
767,100-17-4,0.93,uci,O=[N+](c1ccc(cc1)OC)[O-]
768,100-18-5,3.24,uci,c1cc(ccc1C(C)C)C(C)C
769,100-25-4,-0.4,uci,O=[N+]([O-])c1ccc(cc1)[N+](=O)[O-]
770,100-26-5,0.56,uci,OC(=O)c1ccc(nc1)C(=O)O
771,103-83-3,1.05,uci,CN(Cc1ccccc1)C
772,104-40-5,2.57,uci,Oc1ccc(cc1)CCCCCCCCC
773,110-98-5,0.56,uci,CC(COCC(C)O)O
774,108-88-3,0.92,uci,c1ccc(cc1)C
775,108-45-2,0.81,uci,Nc1cc(ccc1)N
776,108-57-6,2.54,uci,C=Cc1cccc(C=C)c1
777,108-60-1,1.02,uci,CC(OC(CCl)C)CCl
778,108-62-3,1.04,uci,O1C(OC(OC(OC1C)C)C)C
779,108-67-8,2.35,uci,Cc1cc(cc(c1)C)C
780,108-70-3,3.14,uci,Clc1cc(cc(c1)Cl)Cl
781,108-78-1,0.33,uci,Nc1nc(nc(n1)N)N
782,108-80-5,-0.48,uci,Oc1nc(nc(n1)O)O
783,108-86-1,1.4,uci,Brc1ccccc1
784,108-87-2,2.32,uci,CC1CCCCC1
785,108-90-7,1.31,uci,Clc1ccccc1
786,108-42-9,0.33,uci,Nc1cccc(c1)Cl
787,108-95-2,0.9,uci,Oc1ccccc1
788,109-09-1,1.03,uci,Clc1ccccn1
789,109-69-3,1.22,uci,CCCCCl
790,110-00-9,0.52,uci,c1cocc1
791,110-02-1,0.79,uci,c1cscc1
792,110235-47-7,2.45,uci,C(#CC)c1nc(nc(c1)C)Nc2ccccc2
793,110-30-5,0.32,uci,O=C(NCCNC(=O)CCCCCCCCCCCCCCCCC)CCCCCCCCCCCCCCCCC
794,110-82-7,1.94,uci,C1CCCCC1
795,110-85-0,0.41,uci,C1CNCCN1
796,110-91-8,0.22,uci,O1CCNCC1
797,108-43-0,1.14,uci,Oc1cc(ccc1)Cl
798,108-38-3,1.17,uci,c1cc(cc(c1)C)C
799,10453-86-8,3.55,uci,CC(=CC1C(C1(C)C)C(=O)OCc1coc(c1)Cc1ccccc1)C
800,106-42-3,1.17,uci,c1cc(ccc1C)C
801,104653-34-1,4.6,uci,O=C2c1ccccc1SC(O)=C2C6c3ccccc3CC(c4ccc(cc4)c5ccc(cc5)Br)C6
802,104-88-1,0.32,uci,O=Cc1ccc(cc1)Cl
803,10496-18-1,1.15,uci,CCCCCCCCCCSSCCCCCCCCCC
804,105-05-5,2.71,uci,CCc1ccc(cc1)CC
805,105-06-6,2.48,uci,C=Cc1ccc(C=C)cc1
806,10541-83-0,0.07,uci,CNc1ccc(cc1)C(=O)O
807,105512-06-9,1.53,uci,O=C(OCC#C)C(Oc2ccc(Oc1ncc(cc1(F))Cl)cc2)C
808,10605-21-7,0.3,uci,O=C(NC1=Nc2c(cccc2)N1)OC
809,106-37-6,2.25,uci,Brc1ccc(cc1)Br
810,106-41-2,1.21,uci,Oc1ccc(cc1)Br
811,106-43-4,1.8,uci,Cc1ccc(cc1)Cl
812,108-36-1,2.8,uci,c1cc(cc(c1)Br)Br
813,106-46-7,2.65,uci,c1cc(ccc1Cl)Cl
814,106-47-8,0.72,uci,Nc1ccc(cc1)Cl
815,106-48-9,1.42,uci,Oc1ccc(cc1)Cl
816,1067-97-6,3.92,uci,O[Sn](CCCC)(CCCC)CCCC
817,106-93-4,0.93,uci,BrCCBr
818,107-05-1,0.5,uci,C=CCCl
819,1071-83-6,-0.3,uci,O=C([O-])CNCP(=O)(O)O
820,107-39-1,2.81,uci,CC(CC(=C)C)(C)C
821,107534-96-3,2.0,uci,OC(Cn1ncnc1)(CCc2ccc(cc2)Cl)C(C)(C)C
822,1322-93-6,0.6,uci,O=S(=O)(O)c2cc1c(cccc1C(C)C)cc2C(C)C
823,121552-61-2,2.59,uci,n1c(nc(cc1C)C2CC2)Nc3ccccc3
824,132-65-0,3.11,uci,c1c2c3c(sc2ccc1)cccc3
825,18259-05-7,4.85,uci,Clc1c(c(c(c(c1c1ccccc1)Cl)Cl)Cl)Cl
826,2051-24-3,4.24,uci,c2(c1c(c(c(c(c1Cl)Cl)Cl)Cl)Cl)c(c(c(c(c2Cl)Cl)Cl)Cl)Cl
827,2051-62-9,2.43,uci,Clc1ccc(cc1)c1ccccc1
828,206-44-0,3.5,uci,c1ccc2c3c1c1ccccc1c3ccc2
829,208-96-8,2.48,uci,c1cc2cccc3C=Cc(c1)c23
830,2104-64-5,2.84,uci,S=P(c1ccccc1)(Oc1ccc(cc1)[N+](=O)[O-])OCC
831,2104-96-3,2.12,uci,O(c1cc(c(cc1Cl)Br)Cl)P(OC)(OC)=S
832,210631-68-8,-0.52,uci,O=C(c1cnn(c1(O))C)c3ccc(c(C2=NOCC2)c3C)S(=O)(=O)C
833,21087-64-9,1.02,uci,CC(C)(C)C1=NN=C(N(C1=O)N)SC
834,2122-19-2,1.0,uci,N1C(NC(C)C1)=S
835,2136-99-4,5.82,uci,c2c(c(c(c1c(c(cc(c1Cl)Cl)Cl)Cl)c(c2Cl)Cl)Cl)Cl
836,21564-17-0,2.07,uci,N#CSCSC1=Nc2ccccc2S1
837,21609-90-5,3.78,uci,O(c1cc(c(cc1Cl)Br)Cl)P(OC)(c2ccccc2)=S
838,2164-17-2,1.61,uci,O=C(Nc1cccc(c1)C(F)(F)F)N(C)C
839,2173-57-1,2.87,uci,CC(COc1ccc2c(c1)cccc2)C
840,217-59-4,2.41,uci,c1cccc2c1c1ccccc1c1c2cccc1
841,218-01-9,2.24,uci,c1cc2ccccc2c2ccc3c(c12)cccc3
842,220899-03-6,2.72,uci,O=C(c1c(OC)c(OC)c(OC)cc1C)c2c(OC)ccc(c2C)Br
843,2216-69-5,2.26,uci,COc1cccc2c1cccc2
844,22224-92-6,2.04,uci,O=P(Oc1ccc(c(c1)C)SC)(OCC)NC(C)C
845,2234-13-1,2.58,uci,c12(c(c(c(c(c1Cl)Cl)Cl)Cl)c(c(c(c2Cl)Cl)Cl)Cl)
846,13286-32-3,1.51,uci,O=P(OCC)(OCC)SCc1ccccc1
847,225-11-6,2.02,uci,n1c4ccccc4(cc3c1ccc2ccccc23)
848,2255-17-6,0.44,uci,O=[N+]([O-])c1ccc(OP(=O)(OC)OC)cc1C
849,2050-76-2,1.19,uci,Oc1c(cc(c2c1cccc2)Cl)Cl
850,2050-74-0,3.79,uci,c2cc1cccc(c1c(c2)Cl)Cl
851,2050-68-2,3.58,uci,c1cc(ccc1c2ccc(cc2)Cl)Cl
852,1918-16-7,1.57,uci,O=C(N(c1ccccc1)C(C)C)CCl
853,1839-63-0,3.34,uci,CC1CC(CC(C1)C)C
854,1843-05-6,2.01,uci,O=C(c1c(cc(cc1)OCCCCCCCC)O)c1ccccc1
855,1861-32-1,3.41,uci,O=C(OC)c1c(c(c(C(=O)OC)c(c1Cl)Cl)Cl)Cl
856,1861-40-1,3.2,uci,O=[N+]([O-])c1cc(cc(c1N(CC)CCCC)[N+](=O)[O-])C(F)(F)F
857,18708-70-8,2.6,uci,O=[N+]([O-])c1c(cc(cc1Cl)Cl)Cl
858,18854-01-8,2.74,uci,n1oc(cc1OP(OCC)(OCC)=S)c2ccccc2
859,189278-12-4,2.91,uci,O=C1c2cc(ccc2(N=C(OCCC)N1CCC))I
860,1897-45-6,1.53,uci,N#Cc1c(c(C#N)c(c(c1Cl)Cl)Cl)Cl
861,19044-88-3,1.88,uci,O=[N+]([O-])c1cc(cc(c1N(CCC)CCC)[N+](=O)[O-])S(=O)(=O)N
862,1912-24-9,0.73,uci,n1c(nc(nc1NC(C)C)Cl)NCC
863,1934-21-0,0.23,uci,O=C(O)C2=NN(C(=O)C2(N=Nc1ccc(cc1)S(=O)(=O)O))c3ccc(cc3)S(=O)(=O)O
864,2050-67-1,2.63,uci,Clc1cccc(c1)c1cccc(c1)Cl
865,19408-74-3,3.92,uci,O1c3cc(c(c(c3(Oc2c1cc(c(c2Cl)Cl)Cl))Cl)Cl)Cl
866,1945-53-5,1.4,uci,O=C(O)C2(C)(CCCC3(C1=C(C=C(CC1)C(C)C)CCC23)(C))
867,19666-30-9,2.49,uci,O=C1OC(=NN1c2cc(OC(C)C)c(cc2Cl)Cl)C(C)(C)C
868,19780-74-6,3.43,uci,CCCCC(CCC=C)CC
869,198-55-0,2.38,uci,c1ccc2c3c1c1c4c(cccc4ccc1)c3ccc2
870,20020-02-4,3.52,uci,Clc1c(c(c(c2c1cccc2)Cl)Cl)Cl
871,2008-41-5,2.61,uci,O=C(N(CC(C)C)CC(C)C)SCC
872,2027-17-0,4.11,uci,c1ccc2cc(ccc2(c1))C(C)C
873,2032-65-7,1.88,uci,O=C(Oc1cc(c(c(c1)C)SC)C)NC
874,2042-14-0,1.02,uci,Cc1ccc(cc1[N+](=O)[O-])O
875,226-36-8,2.03,uci,n3c5ccc1ccccc1c5(cc4ccc2ccccc2c34)
876,22907-72-8,3.5,uci,CC(C1CCC(CC1)C(C)C)C
877,23031-36-9,3.06,uci,C#CCC1=C(C)C(CC1=O)OC(=O)[C@H]1[C@@H](C1(C)C)C=C(C)C
878,2642-71-9,2.27,uci,CCOP(=S)(OCC)SCN1C(=O)C2=CC=CC=C2N=N1
879,2581-34-2,1.16,uci,Cc1cc(ccc1[N+](=O)[O-])O
880,2593-15-9,2.22,uci,n1c(nsc1OCC)C(Cl)(Cl)Cl
881,26002-80-2,2.62,uci,CC(=CC1C(C1(C)C)C(=O)OCc1cccc(c1)Oc1ccccc1)C
882,26087-47-8,0.97,uci,O=P(OC(C)C)(OC(C)C)SCc1ccccc1
883,260-94-6,2.25,uci,n1c3ccccc3(cc2ccccc12)
884,26225-79-6,2.16,uci,O=S(=O)(Oc1ccc2OC(OCC)C(c2(c1))(C)C)C
885,26259-45-0,1.2,uci,CCNc1nc(NC(CC)C)nc(n1)OC
886,26306-61-6,1.95,uci,O(c1ccc(N)cc1)c2c(cc(cc2Cl)Cl)Cl
887,2631-40-5,0.82,uci,CC(c1ccccc1OC(=O)NC)C
888,2636-26-2,1.56,uci,N#Cc1ccc(OP(OC)(OC)=S)cc1
889,26444-49-5,2.51,uci,O=P(Oc1ccccc1)(Oc2ccccc2)Oc3ccccc3C
890,25567-40-2,2.87,uci,Cc1ccc(c(c1)C(C)(C)C)O
891,26530-20-1,2.22,uci,O=C1C=CSN1CCCCCCCC
892,26545-58-4,1.0,uci,O=S(=O)(O)c2cccc1cc(ccc12)Cc4ccc3c(cccc3S(=O)(=O)O)c4
893,2655-14-3,0.35,uci,Cc1cc(cc(c1)OC(=O)NC)C
894,26603-23-6,1.54,uci,c1cc(ccc1Nc2ccc(cc2)CCCCCCCC)CCCCCCCC
895,26630-87-5,1.22,uci,O=C(c1ccccc1)Nc1c(ccc(c1)N(CCOC(=O)C)CCOC(=O)C)N=NC1=Nc2ccc(cc2S1)Cl
896,26644-46-2,0.0,uci,O=CNC(N1CCN(CC1)C(NC=O)C(Cl)(Cl)Cl)C(Cl)(Cl)Cl
897,2668-24-8,2.07,uci,Oc1c(OC)cc(c(c1Cl)Cl)Cl
898,2668-47-5,3.88,uci,Oc1c(cc(cc1C(C)(C)C)c1ccccc1)C(C)(C)C
899,26761-40-0,1.01,uci,O=C(c1c(cccc1)C(=O)OCCCCCCCC(C)C)OCCCCCCCC(C)C
900,26787-65-5,1.27,uci,O=C(OCCO)CCCCCCCCCCCCCCCCCCCCCCCCCCC
901,25638-17-9,0.18,uci,O=S(=O)(O)c2cccc1ccc(cc12)CCCC
902,2539-17-5,2.56,uci,Oc1c(OC)c(c(c(c1Cl)Cl)Cl)Cl
903,2303-17-5,3.15,uci,O=C(N(C(C)C)C(C)C)SCC(=C(Cl)Cl)Cl
904,2440-02-0,4.05,uci,C1(=C(C2(C(CC1(C2(Cl)Cl)Cl)Cl)Cl)Cl)Cl
905,2310-17-0,2.26,uci,O=C2Oc1cc(ccc1N2CSP(OCC)(OCC)=S)Cl
906,23103-98-2,1.38,uci,O=C(Oc1nc(nc(c1C)C)N(C)C)N(C)C
907,2312-35-8,4.14,uci,O=S(OCC#C)OC2CCCCC2(Oc1ccc(cc1)C(C)(C)C)
908,23135-22-0,0.3,uci,O=C(ON=C(C(=O)N(C)C)SC)NC
909,23184-66-9,0.38,uci,O=C(N(c1c(cccc1CC)CC)COCCCC)CCl
910,2371-42-8,1.48,uci,OC1(C)(CC2CCC1(C)C2(C)(C))
911,2381-21-7,2.73,uci,Cc1c2c3c4c(cccc4ccc3cc1)cc2
912,2385-85-5,4.31,uci,C13(C4(C2(C5(C(C1(C2(Cl)Cl)Cl)(C3(C(C45Cl)(Cl)Cl)Cl)Cl)Cl)Cl)Cl)Cl
913,24019-05-4,1.9,uci,OS(=O)(=O)c1c(ccc(c1)Cl)Oc1c(cc(cc1)Cl)NC(=O)Nc1cc(c(cc1)Cl)Cl
914,2437-79-8,4.39,uci,c1cc(cc(c1c2ccc(cc2Cl)Cl)Cl)Cl
915,24579-73-5,1.73,uci,O=C(OCCC)NCCCN(C)C
916,25339-17-7,2.51,uci,CC(CCCCCCCO)C
917,2463-84-5,1.89,uci,O=[N+]([O-])c1ccc(OP(OC)(OC)=S)c(c1)Cl
918,2465-27-2,1.07,uci,N=C(c1ccc(cc1)N(C)C)c2ccc(cc2)N(C)C
919,2498-66-0,1.63,uci,O=C1c2c(ccc3c2cccc3)C(=O)c2c1cccc2
920,25057-89-0,1.32,uci,O=C1c2ccccc2(NS(=O)(=O)N1C(C)C)
921,25154-52-3,2.19,uci,Oc1ccc(cc1)C(C)CC(C)CC(C)C
922,25154-54-5,1.16,uci,O=[N+]([O-])c1ccccc1[N+](=O)[O-]
923,25311-71-1,2.12,uci,O=C(OC(C)C)c1ccccc1(OP(OCC)(NC(C)C)=S)
924,2531-84-2,3.48,uci,c1ccc3c(c1)ccc2cc(ccc23)C
925,25321-09-9,3.26,uci,c1ccc(c(c1)C(C)C)C(C)C
926,25321-14-6,1.09,uci,O=[N+]([O-])c1cccc(c1[N+](=O)[O-])C
927,1836-77-7,3.31,uci,Clc1cc(cc(c1Oc1ccc(cc1)[N+](=O)[O-])Cl)Cl
928,2243-62-1,0.46,uci,Nc1c2c(ccc1)c(ccc2)N
929,1825-31-6,3.75,uci,c1ccc2c(c1)c(ccc2Cl)Cl
930,1460-02-2,4.38,uci,CC(c1cc(cc(c1)C(C)(C)C)C(C)(C)C)(C)C
931,141517-21-7,2.63,uci,O=C(OC)C(=NOC)c1ccccc1CON=C(c2cccc(c2)C(F)(F)F)C
932,141-93-5,2.77,uci,CCc1cc(ccc1)CC
933,142459-58-3,1.85,uci,O=C(N(c1ccc(F)cc1)C(C)C)COc2nnc(C(F)(F)F)s2
934,142891-20-1,1.38,uci,O=C(OCC)C(=Cc1cc(ccc1Cl)N2C(=O)C3=C(C2(=O))CCCC3)Cl
935,142-96-1,1.89,uci,CCCCOCCCC
936,143390-89-0,2.34,uci,O=C(OC)C(=NOC)c1ccccc1COc2ccccc2C
937,143-50-0,3.19,uci,O=C1C2(C3(C4(C1(C5(C2(C3(C(C45Cl)(Cl)Cl)Cl)Cl)Cl)Cl)Cl)Cl)Cl
938,144-19-4,-0.16,uci,CC(C(C(C)C)O)(CO)C
939,145701-23-1,0.18,uci,O=S(=O)(Nc1c(F)cccc1(F))c2nc3c(F)cnc(OC)n3(n2)
940,145-73-3,-0.4,uci,O=C(O)C2C1OC(CC1)C2(C(=O)O)
941,1461-22-9,3.3,uci,CCCC[Sn](CCCC)(CCCC)Cl
942,140923-17-7,1.0,uci,O=C(OC(C)C)NC(C(=O)NC(c1ccc(cc1)C)C)C(C)C
943,1461-25-2,2.27,uci,CCCC[Sn](CCCC)(CCCC)CCCC
944,1477-55-0,0.19,uci,NCc1cc(ccc1)CN
945,14800-24-9,0.18,uci,c1ccc(cc1)C[N+](C)(C)C
946,14816-18-3,2.89,uci,S=P(ON=C(c1ccccc1)C#N)(OCC)OCC
947,148477-71-8,0.15,uci,O=C1OC3(C(OC(=O)C(C)(C)CC)=C1c2cc(cc(c2)Cl)Cl)(CCCCC3)
948,148-75-4,0.3,uci,OS(=O)(=O)c1c(cc2c(c1)cc(cc2)S(=O)(=O)O)O
949,148-79-8,1.98,uci,n1cscc1c2nc3ccccc3([nH]2)
950,1490-04-6/2216-51-5,1.04,uci,OC1CC(C)CCC1(C(C)C)
951,149-30-4,0.65,uci,SC1=Nc2c(cccc2)S1
952,149961-52-4,1.68,uci,O=C(NC)C(=NOC)c1ccccc1COc2cc(ccc2C)C
953,141112-29-0,1.04,uci,O=C(c1cnoc1C2CC2)c3ccc(cc3S(=O)(=O)C)C(F)(F)F
954,140-66-9,2.46,uci,Oc1ccc(cc1)C(C)(C)CC(C)(C)C
955,1502-22-3,0.65,uci,O=C1CCCCC1C2=CCCCC2
956,13475-82-6,3.1,uci,CC(CC(CC(C)(C)C)C)(C)C
957,133-06-2,1.98,uci,O=C1N(C(=O)C2CC=CCC12)SC(Cl)(Cl)Cl
958,133-07-3,1.75,uci,O=C1c2ccccc2(C(=O)N1SC(Cl)(Cl)Cl)
959,1825-21-4,4.16,uci,O(c1c(c(c(c(c1Cl)Cl)Cl)Cl)Cl)C
960,13358-11-7,3.07,uci,O=C1N(C(=O)C3C1C2(C=CC3(CC2)C(C)C)(C))CC(CC)CCCC
961,133855-98-8/106325-08-0,1.84,uci,Fc1ccc(cc1)C3(OC3(c2ccccc2Cl))(Cn4ncnc4)
962,134098-61-6,3.2,uci,O=C(OC(C)(C)C)c1ccc(cc1)CON=Cc3c(nn(c3(Oc2ccccc2))C)C
963,134-32-7,1.44,uci,Nc1c2c(ccc1)cccc2
964,134-47-4,0.02,uci,O=C(Nc1cc2cc(cc(c2cc1)O)S(=O)(=O)O)Nc1cc2cc(cc(c2cc1)O)S(=O)(=O)O
965,134-62-3,0.34,uci,O=C(c1cc(ccc1)C)N(CC)CC
966,13464-24-9,1.59,uci,Oc1ccc(cc1)C(=C)CC(c2ccc(O)cc2)(C)C
967,13540-50-6,3.23,uci,Cc1ccc(cc1Cc1ccccc1)C
968,13936-21-5,3.02,uci,O=C1c2c(ccc(c2)CCCCC)C(=O)c2c1cccc2
969,13560-89-9,2.03,uci,C2(=C(C3(C1CCC4C(CCC1C2(C3(Cl)Cl)Cl)C5(C(=C(C4(C5(Cl)Cl)Cl)Cl)Cl)Cl)Cl)Cl)Cl
970,135-88-6,2.38,uci,c1c2c(ccc1Nc1ccccc1)cccc2
971,136426-54-5,1.94,uci,O=C2c4cc(F)ccc4(N=C(n1ncnc1)N2c3ccc(cc3Cl)Cl)
972,13654-09-6,0.67,uci,Brc1c(c(c(c(c1c1c(c(c(c(c1Br)Br)Br)Br)Br)Br)Br)Br)Br
973,13674-84-5,0.69,uci,O=P(OC(CCl)C)(OC(CCl)C)OC(CCl)C
974,13674-87-8,1.18,uci,O=P(OC(CCl)CCl)(OC(CCl)CCl)OC(CCl)CCl
975,13684-56-5,2.2,uci,O=C(Oc1cccc(c1)NC(=O)OCC)Nc2ccccc2
976,13684-63-4,2.22,uci,O=C(Oc1cccc(c1)NC(=O)OC)Nc2cccc(c2)C
977,137-26-8,0.54,uci,C(N(C)C)(=S)SSC(N(C)C)=S
978,137641-05-5,2.76,uci,O=C(Nc1ccc(F)cc1)c3nc(Oc2cccc(c2)C(F)(F)F)ccc3
979,150114-71-9,2.0,uci,O=C(O)c1nc(cc(N)c1Cl)Cl
980,13356-08-6,2.86,uci,O([Sn](CC(c1ccccc1)(C)C)(CC(c2ccccc2)(C)C)CC(c3ccccc3)(C)C)[Sn](CC(c4ccccc4)(C)C)(CC(c5ccccc5)(C)C)CC(c6ccccc6)(C)C
981,1506-02-1,2.78,uci,CC1CC(C)(C)c2c(C1(C)C)cc(c(c2)C(=O)C)C
982,16605-91-7,3.85,uci,Clc1c(cccc1Cl)c1ccccc1
983,16766-29-3,3.5,uci,O(c1cc(c(c(c1(OC))Cl)Cl)Cl)C
984,1678-98-4,3.3,uci,CC(CC1CCCCC1)C
985,1687-30-5,0.05,uci,O=C(O)C1CCCCC1(C(=O)O)
986,1689-83-4,1.46,uci,N#Cc1cc(c(O)c(c1)I)I
987,1702-17-6,0.0,uci,O=C(O)c1nc(ccc1Cl)Cl
988,17095-24-8,0.79,uci,O=S(=O)(O)OCCS(=O)(=O)c4ccc(N=Nc1c(O)c3c(cc1S(=O)(=O)O)cc(c(N=Nc2ccc(cc2)S(=O)(=O)CCOS(=O)(=O)O)c3(N))S(=O)(=O)O)cc4
989,17109-49-8,1.51,uci,O=P(OCC)(Sc1ccccc1)Sc2ccccc2
990,1712-70-5,2.87,uci,Clc1ccc(cc1)C(=C)C
991,17302-11-3,3.32,uci,CCC(CCCCCC)CC
992,173584-44-6,2.72,uci,O=C(OC)N(C(=O)N2N=C3c1ccc(cc1CC3(OC2)(C(=O)OC))Cl)c4ccc(OC(F)(F)F)cc4
993,1740-19-8,2.12,uci,O=C(O)C2(C)(CCCC3(c1ccc(cc1CCC23)C(C)C)(C))
994,1746-01-6,4.79,uci,O1c3cc(c(cc3(Oc2cc(c(cc12)Cl)Cl))Cl)Cl
995,1746-81-2,1.15,uci,O=C(Nc1ccc(cc1)Cl)N(OC)C
996,175013-18-0,2.85,uci,O=C(OC)N(OC)c1ccccc1COc2nn(cc2)c3ccc(cc3)Cl
997,175217-20-6,1.99,uci,O=C(NCC=C)c1c(c(C)sc1[Si](C)(C)C)C
998,1763-23-1,3.73,uci,FC(C(C(C(C(C(C(C(S(=O)(=O)O)(F)F)(F)F)(F)F)(F)F)(F)F)(F)F)(F)F)(F)F
999,17700-09-3,2.2,uci,O=[N+]([O-])c1ccc(c(c1Cl)Cl)Cl
1000,1779-48-2,0.36,uci,OP(O)c1ccccc1
1001,17804-35-2,1.43,uci,O=C(OC)Nc2nc1ccccc1n2(C(=O)NCCCC)
1002,180409-60-3,2.72,uci,O=C(NC(=NOCC1CC1)c2c(F)c(F)ccc2C(F)(F)F)Cc3ccccc3
1003,1805-32-9,0.51,uci,OCc1ccc(c(c1)Cl)Cl
1004,18181-70-9,3.62,uci,O(c1cc(c(cc1Cl)I)Cl)P(OC)(OC)=S
1005,15087-24-8,2.47,uci,O=C2C(=Cc1ccccc1)C3CCC2(C)C3(C)(C)
1006,16606-02-3,4.09,uci,Clc1c(cc(cc1)Cl)c1ccc(cc1)Cl
1007,1806-26-4,2.28,uci,Oc1ccc(cc1)CCCCCCCC
1008,16517-11-6,2.65,uci,OC(=O)C(C(C(C(C(C(C(C(C(C(C(C(C(C(C(C(C(F)(F)F)(F)F)(F)F)(F)F)(F)F)(F)F)(F)F)(F)F)(F)F)(F)F)(F)F)(F)F)(F)F)(F)F)(F)F)(F)F)(F)F
1009,15862-07-4,3.88,uci,Clc1c(cc(c(c1)Cl)Cl)c1ccccc1
1010,1634-78-2,0.05,uci,O=C(OCC)CC(C(=O)OCC)SP(=O)(OC)OC
1011,15258-73-8,0.43,uci,OCc1c(cccc1Cl)Cl
1012,15302-91-7,0.3,uci,C[N+]1(C)(CCCCC1)
1013,153233-91-1,3.46,uci,Fc1cccc(F)c1C3=NC(c2ccc(cc2(OCC))C(C)(C)C)CO3
1014,1544-19-0,4.35,uci,FC(F)C(F)(F)Oc1ccc(cc1)C(c2ccc(OC(F)(F)C(F)F)cc2)(C)C
1015,156052-68-5,2.06,uci,O=C(NC(C(=O)CCl)(C)CC)c1cc(c(c(c1)Cl)C)Cl
1016,1563-66-2,1.08,uci,O=C(Oc2cccc1c2(OC(C)(C)C1))NC
1017,156-43-4,0.76,uci,CCOc1ccc(cc1)N
1018,1570-64-5,1.28,uci,Cc1c(ccc(c1)Cl)O
1019,1582-09-8,3.44,uci,O=[N+]([O-])c1cc(cc(c1N(CCC)CCC)[N+](=O)[O-])C(F)(F)F
1020,15299-99-7,1.99,uci,O=C(N(CC)CC)C(Oc1cccc2ccccc12)C
1021,15958-19-7,1.07,uci,Oc1ccc2c(c1N=Nc1cc(c(cc1S(=O)(=O)O)Cl)C)cccc2
1022,16219-75-3,2.05,uci,CC=C1C2CC(C1)C=C2
1023,1634-04-4,0.18,uci,O(C)C(C)(C)C
1024,15968-05-5,3.85,uci,c2cc(c(c1c(cccc1Cl)Cl)c(c2)Cl)Cl
1025,1623-19-4,-0.01,uci,O=P(OCC=C)(OCC=C)OCC=C
1026,1631-58-9,1.73,uci,N(C)(C)C1CSSC1
1027,161050-58-4,1.04,uci,O=C(NN(C(=O)c1cc(cc(c1)C)C)C(C)(C)C)c2cccc(OC)c2C
1028,16090-02-1,1.1,uci,O=S(=O)(O)c5cc(ccc5(C=Cc1ccc(cc1S(=O)(=O)O)Nc2nc(nc(n2)N3CCOCC3)Nc4ccccc4))Nc6nc(nc(n6)N7CCOCC7)Nc8ccccc8
1029,16014-23-6/5281-04-9,0.84,uci,OC(=O)c1cc2ccccc2c(c1O)N=Nc1ccc(cc1S(=O)(=O)O)C
1030,15972-60-8,1.12,uci,O=C(N(c1c(cccc1CC)CC)COC)CCl
1031,28300-74-5,0.5314789170422551,eco,O.O.O.[K+].[K+].[O-]C(=O)C1O[Sb]2OC(C(O[Sb]3OC1C(=O)O3)C([O-])=O)C(=O)O2
1032,2719-61-1,2.4712917110589387,eco,CCCCCCCCCCC(C)c1ccccc1
1033,2597-03-7,1.6464037262230695,eco,CCOC(=O)C(S[P](=S)(OC)OC)c1ccccc1
1034,2008-58-4,1.0,eco,NC(=O)c1c(Cl)cccc1Cl
1035,319-84-6,3.278753600952829,eco,ClC1C(Cl)C(Cl)C(Cl)C(Cl)C1Cl
1036,38638-05-0,2.8394780473741985,eco,CC(C)CC(C)CC(C)c1ccc(O[P](=O)(Oc2ccccc2)Oc3ccccc3)cc1
1037,18472-51-0,1.6232492903979006,eco,NC(Nc1ccc(Cl)cc1)=NC(N)=NCCCCCCN=C(N)N=C(N)Nc2ccc(Cl)cc2.OC[C@@H](O)[C@@H](O)[C@H](O)[C@@H](O)C(O)=O.OC[C@@H](O)[C@@H](O)[C@H](O)[C@@H](O)C(O)=O
1038,37853-59-1,1.4107772333772097,eco,Brc1cc(Br)c(OCCOc2c(Br)cc(Br)cc2Br)c(Br)c1
1039,36653-82-4,3.089905111439398,eco,CCCCCCCCCCCCCCCCO
1040,34364-42-6,3.448242412634439,eco,CC(C)c1cc(O[P](=O)(Oc2ccccc2)Oc3ccccc3)cc(c1)c4ccccc4
1041,33979-03-2,3.5185139398778875,eco,Clc1cc(Cl)c(c(Cl)c1)c2c(Cl)cc(Cl)cc2Cl
1042,112-27-6,3.230448921378274,eco,OCCOCCOCCO
1043,11097-69-1,5.343831849228082,eco,Clc1cccc(c1Cl)c2ccc(Cl)c(Cl)c2Cl
1044,110-16-7,1.0,eco,OC(=O)\C=C\C(O)=O
1045,10161-33-8,1.1139433523068367,eco,C[C@]12C=CC3=C4CCC(=O)C=C4CC[C@H]3[C@@H]1CC[C@@H]2O
1046,10102-18-8,1.1172712956557642,eco,[Na+].[Na+].[O-][Se]([O-])=O
1047,39227-61-7,2.90848501887865,eco,Clc1ccc2Oc3c(Cl)c(Cl)c(Cl)c(Cl)c3Oc2c1
1048,15307-79-6,3.6989700043360187,eco,[Na+].[O-]C(=O)Cc1ccccc1Nc2c(Cl)cccc2Cl
1049,13410-01-0,3.6532125137753435,eco,[Na+].[Na+].[O-][Se]([O-])(=O)=O
1050,1336-36-3,4.6127838567197355,eco,Clc1cc(cc(Cl)c1Cl)c2cc(Cl)c(Cl)c(Cl)c2
1051,1317-38-0,-0.4814860601221126,eco,O=[Cu]
1052,131-55-5,0.029383777685209667,eco,Oc1ccc(c(O)c1)C(=O)c2ccc(O)cc2O
1053,1314-13-2,0.35793484700045375,eco,O=[Zn]
1054,1303-28-2,0.26717172840301384,eco,O=[As](=O)O[As](=O)=O
1055,128-39-2,2.8195439355418688,eco,CC(C)(C)c1cccc(c1O)C(C)(C)C
1056,12789-03-6,4.160303425817115,eco,ClC1CC2C(C1Cl)C3(Cl)C(=C(Cl)C2(Cl)C3(Cl)Cl)Cl
1057,12674-11-2,4.0,eco,Clc1cccc(c1)c2cc(Cl)cc(Cl)c2
1058,123-31-9,1.6020599913279623,eco,Oc1ccc(O)cc1
1059,39485-83-1,3.3654879848909,eco,Clc1ccc(c(Cl)c1)c2c(Cl)cc(Cl)cc2Cl
1060,7647-17-8,3.2974322048101694,eco,[Cl-].[Cs+]
1061,789-02-6,2.1072099696478683,eco,Clc1ccc(cc1)C(c2ccccc2Cl)C(Cl)(Cl)Cl
1062,786-19-6,2.934498451243568,eco,CCO[P](=S)(OCC)SCSc1ccc(Cl)cc1
1063,78-32-0,3.0696680969115957,eco,Cc1ccc(O[P](=O)(Oc2ccc(C)cc2)Oc3ccc(C)cc3)cc1
1064,7782-49-2,1.1398790864012365,eco,[Se]
1065,7773-01-5,1.250420002308894,eco,O.O.O.O.[Cl-].[Cl-].[Mn++]
1066,7758-98-7,1.1882251727052793,eco,[Cu++].[O-][S]([O-])(=O)=O
1067,7733-02-0,1.8559732011685437,eco,[Zn++].[O-][S]([O-])(=O)=O
1068,7647-15-6,1.5713593927538396,eco,[Na+].[Br-]
1069,471-74-9,1.7520484478194385,eco,C[C@@]1(CC[C@H]2C(=C1)CC[C@@H]3[C@]2(C)CCC[C@@]3(C)C(O)=O)C=C
1070,7646-85-7,0.7781512503836436,eco,[Cl-].[Cl-].[Zn++]
1071,7646-79-9,1.7634279935629373,eco,[Cl-].[Cl-].[Co++]
1072,7487-94-7,3.403120521175818,eco,[Cl-].[Cl-].[Hg++]
1073,7440-46-2,0.3979400086720376,eco,[Cs]
1074,7440-43-9,1.884512159190394,eco,[Cd++]
1075,7440-24-6,0.9777236052888477,eco,[Sr]
1076,8001-35-2,4.378397900948138,eco,ClCC1(CCl)C(=C)C2(Cl)C(Cl)C(Cl)C1(Cl)C2(Cl)Cl
1077,96300-97-9,3.650598898172657,eco,CC(C)c1ccccc1O[P](=O)(Oc2ccccc2)Oc3ccccc3.O=[P](Oc4ccccc4)(Oc5ccccc5)Oc6ccccc6
1078,96300-95-7,2.9253120914996495,eco,CC(C)CCCCCCCO[P](=O)(Oc1ccccc1)Oc2ccccc2.O=[P](Oc3ccccc3)(Oc4ccccc4)Oc5ccccc5
1079,91-64-5,1.0,eco,O=C1Oc2ccccc2C=C1
1080,72-20-8,3.6232492903979003,eco,ClC1=C(Cl)C2(Cl)C3C4CC(C5OC45)C3C1(Cl)C2(Cl)Cl
1081,56803-37-3,2.9733587998863977,eco,CC(C)(C)c1ccc(O[P](=O)(Oc2ccccc2)Oc3ccccc3)cc1
1082,563-04-2,2.838849090737255,eco,Cc1cccc(O[P](=O)(Oc2cccc(C)c2)Oc3cccc(C)c3)c1
1083,53469-21-9,4.313107595194996,eco,Clc1ccc(c(Cl)c1)c2ccc(Cl)cc2Cl
1084,52645-53-1,2.6989700043360187,eco,CC1(C)[C@@H](C=C(Cl)Cl)[C@H]1C(=O)OCc2cccc(Oc3ccccc3)c2
1085,520-45-6,2.1476763242410986,eco,CC(=O)C1C(=O)OC(=CC1=O)C
1086,5103-71-9,4.113943352306837,eco,ClC1CC2C(C1Cl)C3(Cl)C(=C(Cl)C2(Cl)C3(Cl)Cl)Cl
1087,50-84-0,1.0,eco,OC(=O)c1ccc(Cl)cc1Cl
1088,506-64-9,1.3010299956639813,eco,[Ag+].[C-]#N
1089,50-04-4,1.0,eco,CC(=O)OCC(=O)[C@@]1(O)CC[C@H]2[C@@H]3CCC4=CC(=O)CC[C@]4(C)[C@H]3C(=O)C[C@]12C
1090,678-39-7,2.469822015978163,eco,OCCC(F)(F)C(F)(F)C(F)(F)C(F)(F)C(F)(F)C(F)(F)C(F)(F)C(F)(F)F
1091,65310-45-4,1.568201724066995,eco,CC(C)c1cc2CC[C@H]3[C@@](C)(CCC[C@]3(C)c2cc1Cl)C(O)=O
1092,59756-60-4,0.5118833609788743,eco,CN1C=C(c2ccccc2)C(=O)C(=C1)c3cccc(c3)C(F)(F)F
1093,58-89-9,3.230448921378274,eco,ClC1C(Cl)C(Cl)C(Cl)C(Cl)C1Cl
1094,58-73-1,1.424881636631067,eco,CN(C)CCOC(c1ccccc1)c2ccccc2
1095,586-76-5,1.0,eco,OC(=O)c1ccc(Br)cc1
1096,57-63-6,2.8027737252919755,eco,C[C@]12CC[C@H]3[C@@H](CCc4cc(O)ccc34)[C@@H]1CC[C@@]2(O)C#C
